bloom_doy,country,location,year,alt,t2m_feb,t2m_max_feb,t2m_min_feb,t2m_range_feb,prcp_feb,rh2m_feb,aprcp_feb,gdd_feb,agdd_feb,t2m_jan,t2m_max_jan,t2m_min_jan,t2m_range_jan,prcp_jan,rh2m_jan,aprcp_jan,gdd_jan,agdd_jan,t2m_mar,t2m_max_mar,t2m_min_mar,t2m_range_mar,prcp_mar,rh2m_mar,aprcp_mar,gdd_mar,agdd_mar,year2,year3
77,unitedstates,washingtondc,2000,0,1.8775862068965516,7.224827586206897,-2.6944827586206896,2.2651724137931035,1.8379310344827586,84.61103448275863,103.51103448275863,1.4258620689655173,34.012241379310346,-0.8058064516129032,3.6138709677419354,-4.808709677419355,-0.5974193548387096,2.7470967741935484,81.19548387096775,39.61645161290323,0.7929032258064517,21.745806451612903,9.392727272727273,15.68,3.4545454545454546,9.567272727272728,0.5645454545454546,73.90272727272728,139.20636363636365,5.567272727272727,89.23772727272728,4000000,8000000000
88,switzerland,binningen,2000,315,2.3168965517241378,6.100344827586207,-0.8196551724137932,2.640344827586207,3.3634482758620687,87.63655172413793,85.75,0.44000000000000006,7.831379310344827,-1.9312903225806453,1.6316129032258064,-4.710322580645161,-1.5393548387096774,1.2741935483870968,93.0232258064516,13.960322580645162,0.04129032258064514,0.04741935483870964,3.3936363636363636,7.629090909090909,-0.7272727272727273,3.4509090909090907,2.228181818181818,85.27909090909091,156.8190909090909,1.15,16.735454545454544,4000000,8000000000
92,switzerland,liestal,2000,350,2.3168965517241378,6.100344827586207,-0.8196551724137932,2.640344827586207,3.3634482758620687,87.63655172413793,85.75,0.44000000000000006,7.831379310344827,-1.9312903225806453,1.6316129032258064,-4.710322580645161,-1.5393548387096774,1.2741935483870968,93.0232258064516,13.960322580645162,0.04129032258064514,0.04741935483870964,3.3936363636363636,7.629090909090909,-0.7272727272727273,3.4509090909090907,2.228181818181818,85.27909090909091,156.8190909090909,1.15,16.735454545454544,4000000,8000000000
93,japan,fukuoka,2000,2.5,2.7655172413793103,7.367931034482758,-0.8355172413793104,3.2662068965517244,1.3244827586206898,76.28206896551724,112.51103448275862,0.4900000000000001,75.41620689655173,5.096451612903226,9.146129032258065,1.5767741935483872,5.361451612903226,2.879032258064516,83.99354838709678,45.12806451612903,2.1474193548387097,44.62387096774194,6,11.35,1.58,6.465,3.710909090909091,72.91454545454545,144.7690909090909,2.7404545454545457,102.68272727272728,4000000,8000000000
100,japan,kyoto,2000,44,0.9841379310344828,4.40448275862069,-1.823793103448276,1.2903448275862068,3.2017241379310346,83.59,132.40862068965518,0.028103448275862083,22.28965517241379,3.087096774193548,6.943548387096774,-0.33709677419354844,3.303225806451613,2.778709677419355,86.03354838709677,43.55903225806452,0.704516129032258,14.932580645161288,3.8245454545454547,8.68,-0.16454545454545452,4.257727272727273,3.7809090909090908,80.67272727272727,201.17090909090908,1.2550000000000001,32.74136363636364,4000000,8000000000
100,switzerland,albisgütli,2000,530,2.233448275862069,5.8244827586206895,-0.8396551724137931,2.4924137931034482,4.293448275862069,85.77724137931034,124.48137931034483,0.49206896551724133,8.49155172413793,-2.1148387096774193,1.2229032258064516,-4.8748387096774195,-1.8259677419354838,1.9164516129032259,87.45774193548387,18.093225806451613,0.027741935483870977,0.027741935483870977,3.7190909090909092,7.565454545454545,-0.1318181818181818,3.716818181818182,3.208181818181818,83.5390909090909,209.21636363636364,1.3331818181818182,18.29181818181818,4000000,8000000000
101,switzerland,meteoschweiz,2000,555,2.233448275862069,5.8244827586206895,-0.8396551724137931,2.4924137931034482,4.293448275862069,85.77724137931034,124.48137931034483,0.49206896551724133,8.49155172413793,-2.1148387096774193,1.2229032258064516,-4.8748387096774195,-1.8259677419354838,1.9164516129032259,87.45774193548387,18.093225806451613,0.027741935483870977,0.027741935483870977,3.7190909090909092,7.565454545454545,-0.1318181818181818,3.716818181818182,3.208181818181818,83.5390909090909,209.21636363636364,1.3331818181818182,18.29181818181818,4000000,8000000000
105,switzerland,witikon,2000,620,2.233448275862069,5.8244827586206895,-0.8396551724137931,2.4924137931034482,4.293448275862069,85.77724137931034,124.48137931034483,0.49206896551724133,8.49155172413793,-2.1148387096774193,1.2229032258064516,-4.8748387096774195,-1.8259677419354838,1.9164516129032259,87.45774193548387,18.093225806451613,0.027741935483870977,0.027741935483870977,3.7190909090909092,7.565454545454545,-0.1318181818181818,3.716818181818182,3.208181818181818,83.5390909090909,209.21636363636364,1.3331818181818182,18.29181818181818,4000000,8000000000
111,switzerland,laufenburg,2000,330,2.3824137931034484,6.187931034482759,-0.8613793103448276,2.6632758620689656,3.5479310344827586,86.36689655172414,96.60724137931034,0.48879310344827587,8.614482758620689,-2.0387096774193547,1.534516129032258,-4.762903225806451,-1.6141935483870968,1.441290322580645,90.71129032258065,13.97225806451613,0.044032258064516105,0.04580645161290319,3.69,7.861818181818181,-0.4081818181818182,3.7268181818181816,2.5045454545454544,83.65636363636364,168.87636363636364,1.3081818181818181,18.69272727272727,4000000,8000000000
89,switzerland,liestal,2001,350,1.4135714285714287,5.896428571428571,-1.8207142857142857,2.037857142857143,1.4407142857142856,84.68071428571429,112.10392857142857,0.5939285714285715,12.670000000000002,-0.43870967741935485,3.23258064516129,-3.3716129032258064,-0.06951612903225805,2.8609677419354838,88.84322580645161,57.68516129032258,8.064516129032373e-4,0.021774193548387406,3.7175000000000002,7.8925,0.39583333333333337,4.144166666666667,9.195833333333333,91.17083333333333,188.51,1.6570833333333332,21.839583333333334,4004001,8012006001
91,japan,fukuoka,2001,2.5,5.185357142857143,10.086785714285714,0.7982142857142858,5.4425,3.4360714285714287,81.495,175.8775,2.163214285714286,45.89803571428572,3.205483870967742,6.911290322580645,-0.054193548387096724,3.4285483870967743,4.394516129032258,82.99096774193548,57.64258064516129,0.8290322580645162,15.494193548387099,4.980833333333333,9.503333333333334,0.9366666666666666,5.22,2.06,78.42,251.995,1.7291666666666667,100.67541666666668,4004001,8012006001
92,switzerland,binningen,2001,315,1.4135714285714287,5.896428571428571,-1.8207142857142857,2.037857142857143,1.4407142857142856,84.68071428571429,112.10392857142857,0.5939285714285715,12.670000000000002,-0.43870967741935485,3.23258064516129,-3.3716129032258064,-0.06951612903225805,2.8609677419354838,88.84322580645161,57.68516129032258,8.064516129032373e-4,0.021774193548387406,3.7175000000000002,7.8925,0.39583333333333337,4.144166666666667,9.195833333333333,91.17083333333333,188.51,1.6570833333333332,21.839583333333334,4004001,8012006001
96,japan,kyoto,2001,44,2.584285714285714,6.657857142857143,-0.9214285714285715,2.8682142857142856,3.2817857142857143,84.20607142857143,218.20678571428573,0.6642857142857143,7.115714285714286,0.7816129032258065,3.7138709677419355,-1.9141935483870967,0.8998387096774193,5.574193548387097,87.90096774193549,80.83806451612904,0.09951612903225807,2.2261290322580645,2.7275,6.74,-1.3458333333333334,2.697083333333333,5.555,82.29583333333333,307.265,0.3183333333333333,24.38458333333333,4004001,8012006001
96,unitedstates,washingtondc,2001,0,2.354285714285714,7.480357142857143,-2.2303571428571427,2.625,1.8546428571428573,78.3,104.91428571428571,0.6625,11.431607142857143,-0.7367741935483871,3.5948387096774193,-4.159032258064516,-0.2820967741935484,2.4583870967741936,83.43032258064517,30.74516129032258,0.09838709677419354,0.16887096774193547,2.7275,8.085,-2.0625,3.01125,2.1058333333333334,75.88666666666667,140.8825,0.5087499999999999,25.24833333333333,4004001,8012006001
96,switzerland,witikon,2001,620,1.1492857142857142,5.213571428571428,-2.0189285714285714,1.5973214285714286,2.8339285714285714,85.07357142857143,136.42107142857142,0.4866071428571428,10.041607142857142,-0.837741935483871,2.496774193548387,-3.6574193548387095,-0.5803225806451613,3.0493548387096774,87.56870967741935,65.55096774193548,0,0,3.545,7.5008333333333335,0.20083333333333328,3.8508333333333336,9.241666666666667,88.69833333333334,234.03083333333333,1.3670833333333334,17.19333333333333,4004001,8012006001
97,switzerland,albisgütli,2001,530,1.1492857142857142,5.213571428571428,-2.0189285714285714,1.5973214285714286,2.8339285714285714,85.07357142857143,136.42107142857142,0.4866071428571428,10.041607142857142,-0.837741935483871,2.496774193548387,-3.6574193548387095,-0.5803225806451613,3.0493548387096774,87.56870967741935,65.55096774193548,0,0,3.545,7.5008333333333335,0.20083333333333328,3.8508333333333336,9.241666666666667,88.69833333333334,234.03083333333333,1.3670833333333334,17.19333333333333,4004001,8012006001
97,switzerland,meteoschweiz,2001,555,1.1492857142857142,5.213571428571428,-2.0189285714285714,1.5973214285714286,2.8339285714285714,85.07357142857143,136.42107142857142,0.4866071428571428,10.041607142857142,-0.837741935483871,2.496774193548387,-3.6574193548387095,-0.5803225806451613,3.0493548387096774,87.56870967741935,65.55096774193548,0,0,3.545,7.5008333333333335,0.20083333333333328,3.8508333333333336,9.241666666666667,88.69833333333334,234.03083333333333,1.3670833333333334,17.19333333333333,4004001,8012006001
122,switzerland,laufenburg,2001,330,1.36,5.866785714285714,-1.8582142857142856,2.0042857142857144,2.012142857142857,84.59642857142858,126.00142857142858,0.6073214285714286,12.666785714285714,-0.6387096774193548,2.853548387096774,-3.456774193548387,-0.3016129032258064,3.076451612903226,87.89064516129032,64.4058064516129,0,0,3.6425,7.8566666666666665,0.31416666666666665,4.085416666666666,9.580833333333333,89.68166666666667,214.055,1.6466666666666667,21.69333333333333,4004001,8012006001
77,switzerland,liestal,2002,350,3.41,7.07,0.36321428571428577,3.7166071428571428,3.142857142857143,87.47214285714286,60.70642857142857,0.9794642857142857,31.360714285714284,-1.1493548387096775,3.615806451612903,-4.25516129032258,-0.3196774193548386,0.8541935483870967,89.07483870967742,6.824516129032258,0.4606451612903226,1.690967741935484,4.2716666666666665,9.930833333333334,-0.3408333333333333,4.795,1.5366666666666666,80.45666666666666,131.75833333333333,1.4429166666666666,45.5125,4008004,8024024008
84,japan,fukuoka,2002,2.5,5.322857142857143,10.287857142857144,0.8775000000000001,5.582678571428572,1.725,77.35535714285714,102.26714285714286,1.8378571428571429,77.14214285714286,4.879677419354839,8.737096774193548,1.3896774193548387,5.063387096774194,3.0303225806451612,81.76774193548387,34.73032258064516,1.9091935483870968,34.73870967741936,7.569166666666667,13.315833333333334,2.75,8.032916666666667,4.4075,77.78666666666666,177.35,4.060833333333333,137.575,4008004,8024024008
90,switzerland,meteoschweiz,2002,555,3.3660714285714284,7.060714285714286,0.30607142857142855,3.683392857142857,4.380357142857143,86.66321428571429,75.45678571428572,0.99875,32.871964285714284,-0.8887096774193548,3.381290322580645,-3.8680645161290323,-0.2433870967741936,0.896774193548387,81.80967741935484,6.322258064516129,0.4987096774193548,1.8951612903225805,4.680833333333333,9.859166666666667,0.48166666666666663,5.170416666666666,1.6575,80.26333333333334,168.6025,1.6433333333333333,49.067499999999995,4008004,8024024008
91,japan,kyoto,2002,44,3.6085714285714285,7.605,0.2571428571428572,3.9310714285714283,2.31,84.20428571428572,176.76,0.9944642857142857,38.29142857142857,3.1061290322580644,6.771612903225806,-0.23064516129032256,3.270483870967742,4.7212903225806455,87.14774193548386,66.75193548387097,0.9561290322580646,15.626129032258065,5.9175,11.446666666666667,1.1583333333333334,6.3025,4.029166666666667,80.45166666666667,239.275,2.5516666666666667,73.02291666666667,4008004,8024024008
91,switzerland,witikon,2002,620,3.3660714285714284,7.060714285714286,0.30607142857142855,3.683392857142857,4.380357142857143,86.66321428571429,75.45678571428572,0.99875,32.871964285714284,-0.8887096774193548,3.381290322580645,-3.8680645161290323,-0.2433870967741936,0.896774193548387,81.80967741935484,6.322258064516129,0.4987096774193548,1.8951612903225805,4.680833333333333,9.859166666666667,0.48166666666666663,5.170416666666666,1.6575,80.26333333333334,168.6025,1.6433333333333333,49.067499999999995,4008004,8024024008
92,unitedstates,washingtondc,2002,0,3.7492857142857146,9.848571428571429,-1.4692857142857143,4.189642857142857,0.4489285714285714,67.66142857142857,58.33821428571429,1.6248214285714286,65.68285714285715,2.6293548387096775,7.800645161290323,-1.4261290322580644,3.187258064516129,1.6093548387096774,79.64838709677419,28.737419354838707,1.430806451612903,6.776129032258065,5.45,12.514166666666666,-1.0675000000000001,5.723333333333334,2.5908333333333333,67.03583333333333,85.49666666666667,2.9037500000000005,104.37125,4008004,8024024008
105,switzerland,laufenburg,2002,330,3.4810714285714286,7.270714285714286,0.3628571428571428,3.8167857142857144,3.7742857142857145,86.52535714285715,66.79142857142857,1.0201785714285716,33.301607142857144,-1.1116129032258064,3.463548387096774,-4.12741935483871,-0.3319354838709678,0.8258064516129032,86.25322580645161,5.9074193548387095,0.5114516129032258,1.9991935483870966,4.5,10.061666666666667,-0.020000000000000007,5.020833333333333,1.7116666666666667,80.62,150.3075,1.5204166666666667,48.80125,4008004,8024024008
87,japan,fukuoka,2003,2.5,5.7821428571428575,10.859642857142857,1.4953571428571428,6.1775,2.9425,81.71464285714286,107.16678571428571,2.4425,47.0025,2.859032258064516,6.760967741935484,-0.5680645161290323,3.0964516129032256,2.1887096774193546,81.9916129032258,27.989677419354837,0.6237096774193548,8.15048387096774,5.5025,10.173333333333334,1.4158333333333333,5.794583333333334,6.6850000000000005,82.58583333333334,211.14416666666668,2.2325,108.72791666666666,4012009,8036054027
90,switzerland,binningen,2003,315,-4.148214285714285,1.0989285714285715,-8.370357142857143,-3.6357142857142857,1.042857142857143,88.3875,102.94107142857143,0.08214285714285714,8.643571428571427,-1.5538709677419353,1.3538709677419354,-4.141612903225806,-1.3938709677419354,2.475806451612903,91.8616129032258,41.82096774193548,0.2743548387096774,8.222741935483871,5.0525,10.336666666666666,0.4383333333333333,5.3875,1.465,80.03666666666666,118.37333333333333,1.7566666666666666,19.370416666666667,4012009,8036054027
92,switzerland,liestal,2003,350,-4.148214285714285,1.0989285714285715,-8.370357142857143,-3.6357142857142857,1.042857142857143,88.3875,102.94107142857143,0.08214285714285714,8.643571428571427,-1.5538709677419353,1.3538709677419354,-4.141612903225806,-1.3938709677419354,2.475806451612903,91.8616129032258,41.82096774193548,0.2743548387096774,8.222741935483871,5.0525,10.336666666666666,0.4383333333333333,5.3875,1.465,80.03666666666666,118.37333333333333,1.7566666666666666,19.370416666666667,4012009,8036054027
92,unitedstates,washingtondc,2003,0,-1.3817857142857142,2.1764285714285716,-4.7560714285714285,-1.2898214285714287,6.22,85.73535714285714,136.31535714285715,0.003928571428571408,5.713214285714286,-2.5987096774193548,1.1425806451612903,-6.050967741935484,-2.4541935483870967,2.0238709677419355,81.66193548387096,54.22096774193548,0.1811290322580645,5.022741935483872,1.4508333333333334,6.803333333333333,-3.0941666666666667,1.8545833333333333,2.0608333333333335,85.75833333333334,254.87833333333333,0.5354166666666665,9.416666666666666,4012009,8036054027
98,japan,kyoto,2003,44,3.1775,7.488571428571428,-0.32571428571428573,3.5814285714285714,2.7810714285714284,83.37035714285715,167.655,0.6639285714285713,22.61732142857143,1.8229032258064517,5.496774193548387,-1.0232258064516129,2.236774193548387,4.13516129032258,85.0358064516129,56.74258064516129,0.3695161290322581,4.00241935483871,3.205833333333333,7.135833333333333,0.0016666666666666774,3.56875,7.0375,82.77583333333334,268.7841666666667,1.2312500000000002,42.13291666666667,4012009,8036054027
103,switzerland,albisgütli,2003,530,-4.862142857142857,0.3557142857142858,-9.208928571428572,-4.426607142857143,1.5207142857142857,87.50607142857143,139.9675,0.0705357142857143,9.695535714285715,-1.7919354838709678,1.1861290322580647,-4.413870967741936,-1.6138709677419354,3.2816129032258066,91.10774193548387,53.15451612903226,0.31048387096774194,9.310967741935483,5.3475,10.454166666666667,1.22,5.837083333333333,2.0033333333333334,76.13083333333333,159.47583333333333,2.1775,22.967083333333335,4012009,8036054027
104,switzerland,meteoschweiz,2003,555,-4.862142857142857,0.3557142857142858,-9.208928571428572,-4.426607142857143,1.5207142857142857,87.50607142857143,139.9675,0.0705357142857143,9.695535714285715,-1.7919354838709678,1.1861290322580647,-4.413870967741936,-1.6138709677419354,3.2816129032258066,91.10774193548387,53.15451612903226,0.31048387096774194,9.310967741935483,5.3475,10.454166666666667,1.22,5.837083333333333,2.0033333333333334,76.13083333333333,159.47583333333333,2.1775,22.967083333333335,4012009,8036054027
106,switzerland,laufenburg,2003,330,-4.665,0.8175,-9.054642857142857,-4.118571428571428,1.309642857142857,88.44428571428571,121.72964285714286,0.07142857142857142,9.311428571428571,-1.6416129032258064,1.3138709677419356,-4.1896774193548385,-1.4379032258064517,2.8635483870967744,91.54677419354839,47.63903225806452,0.2980645161290323,8.93016129032258,5.2908333333333335,10.496666666666666,0.9025,5.699583333333333,1.78,77.38333333333333,139.64416666666668,2.0149999999999997,21.468333333333334,4012009,8036054027
106,switzerland,witikon,2003,620,-4.862142857142857,0.3557142857142858,-9.208928571428572,-4.426607142857143,1.5207142857142857,87.50607142857143,139.9675,0.0705357142857143,9.695535714285715,-1.7919354838709678,1.1861290322580647,-4.413870967741936,-1.6138709677419354,3.2816129032258066,91.10774193548387,53.15451612903226,0.31048387096774194,9.310967741935483,5.3475,10.454166666666667,1.22,5.837083333333333,2.0033333333333334,76.13083333333333,159.47583333333333,2.1775,22.967083333333335,4012009,8036054027
90,japan,fukuoka,2004,2.5,5.732413793103448,10.899655172413793,1.2882758620689656,6.093965517241379,3.052758620689655,74.85034482758621,55.69275862068965,2.6374137931034483,47.939827586206896,2.9341935483870967,7.196774193548387,-0.3467741935483871,3.425,1.308709677419355,79.59806451612903,20.162903225806453,0.7083870967741935,15.312258064516127,5.113636363636363,9.822727272727272,0.32000000000000006,5.071363636363636,1.9,74.37,142.69636363636363,2.0313636363636367,105.40727272727273,4016016,8048096064
91,unitedstates,washingtondc,2004,0,0.20931034482758623,5.00448275862069,-3.9355172413793102,0.5344827586206896,1.9389655172413791,82.23103448275862,92.43172413793103,0.20155172413793102,23.203793103448277,-2.8383870967741935,1.0706451612903225,-6.771935483870968,-2.8506451612903225,1.4645161290322581,82.3525806451613,22.162903225806453,0.7166129032258064,20.353548387096772,7.7327272727272724,13.195454545454545,2.210909090909091,7.703181818181818,2.579090909090909,83.95636363636363,118.03363636363636,4.081363636363636,60.04954545454546,4016016,8048096064
92,japan,kyoto,2004,44,4.0424137931034485,8.929310344827586,0.14241379310344826,4.535862068965518,2.758620689655172,81.52275862068966,84.31241379310345,1.5656896551724138,21.147413793103446,1.7748387096774194,5.446451612903226,-1.0558064516129033,2.1953225806451613,1.755483870967742,84.94645161290323,25.008064516129032,0.16951612903225807,4.868064516129032,3.639090909090909,7.980909090909091,-0.8372727272727273,3.571818181818182,2.0618181818181816,80.97,147.31636363636363,1.0731818181818182,52.474090909090904,4016016,8048096064
92,switzerland,liestal,2004,350,0.5082758620689655,4.9655172413793105,-2.7113793103448276,1.1270689655172415,1.1020689655172413,82.97413793103448,161.23689655172413,0.3306896551724138,14.460862068965517,-1.1316129032258064,2.036451612903226,-4.368709677419355,-1.1661290322580646,4.67516129032258,91.42999999999999,78.75935483870968,0.20290322580645162,3.970322580645161,-0.6190909090909091,3.4118181818181816,-4.202727272727273,-0.39545454545454545,1.18,81.77454545454546,182.9090909090909,0,15.879999999999999,4016016,8048096064
96,switzerland,binningen,2004,315,0.5082758620689655,4.9655172413793105,-2.7113793103448276,1.1270689655172415,1.1020689655172413,82.97413793103448,161.23689655172413,0.3306896551724138,14.460862068965517,-1.1316129032258064,2.036451612903226,-4.368709677419355,-1.1661290322580646,4.67516129032258,91.42999999999999,78.75935483870968,0.20290322580645162,3.970322580645161,-0.6190909090909091,3.4118181818181816,-4.202727272727273,-0.39545454545454545,1.18,81.77454545454546,182.9090909090909,0,15.879999999999999,4016016,8048096064
105,switzerland,albisgütli,2004,530,0.45999999999999996,4.263103448275862,-2.6286206896551723,0.8172413793103448,1.6258620689655172,80.99172413793103,209.54689655172413,0.28051724137931033,11.06603448275862,-1.5341935483870968,1.4248387096774193,-4.71741935483871,-1.6462903225806451,5.908709677419355,89.65967741935484,101.89225806451613,0.15112903225806454,2.9293548387096777,-0.8372727272727273,2.9972727272727275,-4.1027272727272726,-0.5527272727272727,1.410909090909091,82.72272727272727,236.7490909090909,0,12.82,4016016,8048096064
106,switzerland,meteoschweiz,2004,555,0.45999999999999996,4.263103448275862,-2.6286206896551723,0.8172413793103448,1.6258620689655172,80.99172413793103,209.54689655172413,0.28051724137931033,11.06603448275862,-1.5341935483870968,1.4248387096774193,-4.71741935483871,-1.6462903225806451,5.908709677419355,89.65967741935484,101.89225806451613,0.15112903225806454,2.9293548387096777,-0.8372727272727273,2.9972727272727275,-4.1027272727272726,-0.5527272727272727,1.410909090909091,82.72272727272727,236.7490909090909,0,12.82,4016016,8048096064
108,switzerland,witikon,2004,620,0.45999999999999996,4.263103448275862,-2.6286206896551723,0.8172413793103448,1.6258620689655172,80.99172413793103,209.54689655172413,0.28051724137931033,11.06603448275862,-1.5341935483870968,1.4248387096774193,-4.71741935483871,-1.6462903225806451,5.908709677419355,89.65967741935484,101.89225806451613,0.15112903225806454,2.9293548387096777,-0.8372727272727273,2.9972727272727275,-4.1027272727272726,-0.5527272727272727,1.410909090909091,82.72272727272727,236.7490909090909,0,12.82,4016016,8048096064
110,switzerland,laufenburg,2004,330,0.5486206896551723,4.941379310344828,-2.6641379310344826,1.1386206896551725,1.3393103448275863,81.70862068965518,185.72344827586207,0.36482758620689654,13.914655172413793,-1.3067741935483872,1.8680645161290323,-4.4961290322580645,-1.314032258064516,5.314193548387097,90.27548387096775,90.51677419354839,0.18677419354838712,3.6319354838709685,-0.6363636363636364,3.497272727272727,-4.1863636363636365,-0.34454545454545454,1.3490909090909091,81.72545454545455,209.97,0,16.37,4016016,8048096064
94,switzerland,binningen,2005,315,-2.81,1.0125,-6.081785714285714,-2.534642857142857,2.112857142857143,89.67392857142858,91.47857142857143,0.06410714285714285,2.499821428571428,-1.0116129032258065,2.63258064516129,-3.8725806451612903,-0.62,1.8851612903225807,89.04387096774194,28.286451612903225,0.04548387096774191,0.9937096774193543,-3.7583333333333333,0.9175,-8.219166666666666,-3.6508333333333334,1.1025,88.97416666666666,122.56166666666667,0,3.204999999999999,4020025,8060150125
95,switzerland,liestal,2005,350,-2.81,1.0125,-6.081785714285714,-2.534642857142857,2.112857142857143,89.67392857142858,91.47857142857143,0.06410714285714285,2.499821428571428,-1.0116129032258065,2.63258064516129,-3.8725806451612903,-0.62,1.8851612903225807,89.04387096774194,28.286451612903225,0.04548387096774191,0.9937096774193543,-3.7583333333333333,0.9175,-8.219166666666666,-3.6508333333333334,1.1025,88.97416666666666,122.56166666666667,0,3.204999999999999,4020025,8060150125
96,japan,fukuoka,2005,2.5,3.6589285714285715,7.595714285714286,0.07035714285714285,3.8330357142857143,3.7675,81.09035714285714,104.82535714285714,1.2594642857142857,36.26857142857143,3.17,6.8667741935483875,0.08612903225806452,3.476451612903226,1.7941935483870968,81.20838709677419,26.030967741935484,0.5788709677419355,6.175483870967741,5.630833333333333,10.469166666666666,1.6075,6.038333333333333,1.5375,80.73666666666666,172.03666666666666,2.700833333333333,64.10708333333334,4020025,8060150125
99,japan,kyoto,2005,44,2.226785714285714,5.836428571428572,-0.8960714285714285,2.4701785714285713,3.7775,85.56607142857143,137.82642857142858,0.50875,10.057321428571429,2.037741935483871,5.4148387096774195,-0.7445161290322581,2.3351612903225805,2.6041935483870966,85.93225806451613,46.93,0.10193548387096775,0.7769354838709678,4.648333333333333,8.7725,0.9683333333333333,4.870416666666666,2.675,84.97916666666667,204.55833333333334,1.7775,23.03875,4020025,8060150125
99,unitedstates,washingtondc,2005,0,1.6400000000000001,6.999642857142857,-2.4757142857142855,2.261964285714286,1.7182142857142857,80.8875,105.90535714285714,0.8182142857142857,62.43571428571428,0.42774193548387096,4.808709677419355,-3.343225806451613,0.7327419354838711,2.9083870967741934,84.32129032258065,48.18774193548387,1.5761290322580646,39.19241935483871,0.745,5.704166666666667,-3.5175,1.0933333333333333,1.2783333333333333,74.49666666666667,144.51,0.3825,74.065,4020025,8060150125
100,switzerland,meteoschweiz,2005,555,-3.3267857142857142,0.49857142857142855,-6.864285714285714,-3.182857142857143,2.794642857142857,89.47964285714286,123.72142857142858,0.047857142857142855,2.5335714285714284,-1.114516129032258,2.0196774193548386,-3.6516129032258067,-0.8159677419354839,2.5429032258064517,84.07967741935484,38.803225806451614,0.055483870967741926,1.2612903225806449,-4.1691666666666665,0.3233333333333333,-8.76,-4.218333333333334,1.4683333333333333,87.07166666666667,163.47,0,3.0599999999999996,4020025,8060150125
104,switzerland,witikon,2005,620,-3.3267857142857142,0.49857142857142855,-6.864285714285714,-3.182857142857143,2.794642857142857,89.47964285714286,123.72142857142858,0.047857142857142855,2.5335714285714284,-1.114516129032258,2.0196774193548386,-3.6516129032258067,-0.8159677419354839,2.5429032258064517,84.07967741935484,38.803225806451614,0.055483870967741926,1.2612903225806449,-4.1691666666666665,0.3233333333333333,-8.76,-4.218333333333334,1.4683333333333333,87.07166666666667,163.47,0,3.0599999999999996,4020025,8060150125
112,switzerland,laufenburg,2005,330,-3.0442857142857145,0.9385714285714285,-6.5582142857142856,-2.809821428571429,2.3953571428571427,88.99964285714286,105.49607142857143,0.06482142857142856,2.866964285714286,-1.1341935483870969,2.484193548387097,-3.898064516129032,-0.7069354838709677,2.19258064516129,86.34290322580645,32.82387096774193,0.05693548387096776,1.3132258064516134,-3.8783333333333334,0.8791666666666667,-8.350833333333334,-3.7358333333333333,1.27,87.62666666666667,140.63333333333333,0,3.58,4020025,8060150125
89,unitedstates,washingtondc,2006,0,1.4271428571428573,6.091785714285715,-2.54,1.7758928571428572,1.5439285714285713,77.31107142857142,109.56285714285714,0.8008928571428572,58.19714285714286,3.7283870967741937,8.955483870967742,-0.7832258064516129,4.086129032258064,2.491290322580645,84.51741935483871,41.53032258064516,1.3617741935483871,18.488225806451613,5.835833333333333,11.971666666666666,0.8308333333333334,6.40125,0.22,75.40333333333334,122.21333333333334,3.1145833333333335,73.07083333333333,4024036,8072216216
93,japan,fukuoka,2006,2.5,5.082857142857143,9.685,1.1135714285714287,5.399285714285714,3.995357142857143,79.24285714285715,104.3975,2.2935714285714286,65.9075,4.014838709677419,8.636129032258065,0.5003225806451613,4.568225806451613,1.7506451612903227,81.41709677419355,29.18258064516129,1.3320967741935483,14.91258064516129,7.178333333333334,12.3825,2.5366666666666666,7.459583333333334,4.495,78.85333333333334,202.95333333333335,3.742916666666667,123.14333333333333,4024036,8072216216
98,japan,kyoto,2006,44,3.3889285714285715,7.7214285714285715,-0.41500000000000004,3.6532142857142857,4.633928571428571,84.87714285714286,143.23071428571427,1.1876785714285714,21.486964285714286,1.7738709677419355,5.324516129032258,-1.015483870967742,2.154516129032258,2.5787096774193548,85.33580645161291,45.69161290322581,0.29838709677419356,4.0351612903225815,5.838333333333333,10.8675,1.3266666666666667,6.097083333333334,4.618333333333333,82.77166666666666,250.4025,2.575416666666667,54.307916666666664,4024036,8072216216
110,switzerland,binningen,2006,315,-0.9921428571428571,3.080357142857143,-4.035,-0.47732142857142856,2.0632142857142854,89.48535714285714,56.31928571428571,0.05535714285714288,0.7089285714285717,-3.1770967741935485,1.5009677419354839,-6.4238709677419354,-2.461451612903226,0.9780645161290322,90.61967741935484,16.328709677419354,0,0,-1.6908333333333334,1.6191666666666666,-5.608333333333333,-1.9945833333333334,8.369166666666667,89.73583333333333,149.17249999999999,0.06291666666666666,1.8016666666666674,4024036,8072216216
111,switzerland,liestal,2006,350,-0.9921428571428571,3.080357142857143,-4.035,-0.47732142857142856,2.0632142857142854,89.48535714285714,56.31928571428571,0.05535714285714288,0.7089285714285717,-3.1770967741935485,1.5009677419354839,-6.4238709677419354,-2.461451612903226,0.9780645161290322,90.61967741935484,16.328709677419354,0,0,-1.6908333333333334,1.6191666666666666,-5.608333333333333,-1.9945833333333334,8.369166666666667,89.73583333333333,149.17249999999999,0.06291666666666666,1.8016666666666674,4024036,8072216216
114,switzerland,meteoschweiz,2006,555,-1.6264285714285713,1.9382142857142857,-4.745,-1.403392857142857,2.4689285714285716,88.85535714285714,81.30178571428571,0,0,-3.992903225806452,0.12387096774193546,-7.485483870967742,-3.680806451612903,1.5825806451612903,86.85129032258065,25.49838709677419,0,0,-1.935,1.2041666666666666,-5.516666666666667,-2.15625,9.805,89.49083333333333,187.165,0,0,4024036,8072216216
120,switzerland,laufenburg,2006,330,-0.8614285714285715,3.204285714285714,-3.9810714285714286,-0.3883928571428571,2.2439285714285715,88.09107142857142,66.63857142857142,0.03642857142857144,0.4650000000000002,-3.3603225806451613,1.2606451612903227,-6.654193548387097,-2.696774193548387,1.2270967741935483,89.63354838709678,20.360967741935482,0,0,-1.6825,1.6441666666666668,-5.36,-1.8579166666666667,9.049166666666666,88.77833333333334,165.75416666666666,0.02124999999999999,1.1050000000000004,4024036,8072216216
90,japan,fukuoka,2007,2.5,6.975,12.110714285714286,2.2689285714285714,7.189821428571428,2.66,80.98178571428572,79.76785714285714,3.5767857142857142,95.23767857142857,4.638709677419355,9.249032258064517,1.1819354838709677,5.215483870967742,1.3206451612903225,80.79967741935484,24.146129032258067,1.4924193548387097,25.691129032258065,6.866666666666667,12.414166666666667,1.9358333333333333,7.175,2.195,72.58666666666667,131.68833333333333,3.6558333333333333,178.95875,4028049,8084294343
91,unitedstates,washingtondc,2007,0,-3.2935714285714286,1.1235714285714287,-7.584642857142857,-3.2305357142857143,2.7157142857142857,79.54178571428571,98.87571428571428,0.040357142857142855,63.1275,3.065161290322581,7.1329032258064515,-0.7316129032258064,3.2006451612903226,2.2903225806451615,81.18483870967742,57.96774193548387,2.027258064516129,47.11790322580645,2.2041666666666666,7.69,-3.095833333333333,2.297083333333333,2.185833333333333,76.62166666666667,168.55583333333334,1.0120833333333332,70.15833333333333,4028049,8084294343
94,switzerland,liestal,2007,350,3.5314285714285716,7.753214285714286,0.2728571428571429,4.0130357142857145,2.949642857142857,88.42428571428572,119.28071428571428,0.9158928571428572,45.449285714285715,2.756774193548387,5.513548387096774,0.23677419354838708,2.8751612903225805,2.63258064516129,92.23709677419355,55.669677419354834,1.2437096774193548,22.576129032258063,5.158333333333333,9.685833333333333,1.0183333333333333,5.352083333333334,4.520833333333333,84.7375,206.92333333333332,1.5058333333333336,75.89333333333333,4028049,8084294343
97,japan,kyoto,2007,44,4.610357142857143,9.370357142857143,0.25392857142857145,4.812142857142857,2.8921428571428573,82.21071428571429,93.06428571428572,1.4962499999999999,32.81071428571428,3.621935483870968,7.72,0.32645161290322583,4.023225806451613,1.7732258064516129,83.39096774193548,36.2158064516129,0.42564516129032254,7.654032258064516,5.350833333333333,10.364166666666666,0.7833333333333332,5.5737499999999995,2.901666666666667,76.7875,146.96833333333333,2.293333333333333,74.52125,4028049,8084294343
98,switzerland,meteoschweiz,2007,555,3.420714285714286,7.6310714285714285,0.14285714285714288,3.886964285714286,3.2646428571428574,85.36892857142857,141.5807142857143,0.8239285714285715,44.07125,2.804193548387097,5.469677419354839,0.27612903225806446,2.8729032258064517,3.1551612903225807,89.42677419354838,66.43451612903226,1.236451612903226,22.202903225806452,5.3025,9.7325,1.7125,5.7225,4.8925,83.92583333333333,233.27333333333334,1.7933333333333332,75.07125,4028049,8084294343
102,switzerland,laufenburg,2007,330,3.52,7.849285714285714,0.28107142857142853,4.0651785714285715,3.0021428571428572,86.83321428571429,123.99607142857143,0.9139285714285715,47.017857142857146,2.875483870967742,5.70258064516129,0.272258064516129,2.9874193548387096,2.7158064516129032,90.65354838709678,57.50064516129032,1.3006451612903225,23.429032258064517,5.325833333333334,9.928333333333333,1.3908333333333334,5.659583333333334,4.7716666666666665,84.13916666666667,211.375,1.7716666666666667,79.7275,4028049,8084294343
108,switzerland,albisgütli,2007,530,3.420714285714286,7.6310714285714285,0.14285714285714288,3.886964285714286,3.2646428571428574,85.36892857142857,141.5807142857143,0.8239285714285715,44.07125,2.804193548387097,5.469677419354839,0.27612903225806446,2.8729032258064517,3.1551612903225807,89.42677419354838,66.43451612903226,1.236451612903226,22.202903225806452,5.3025,9.7325,1.7125,5.7225,4.8925,83.92583333333333,233.27333333333334,1.7933333333333332,75.07125,4028049,8084294343
86,unitedstates,washingtondc,2008,0,2.3758620689655174,7.226206896551724,-2.3417241379310343,2.442241379310345,3.177931034482759,80.07034482758621,104.7803448275862,1.110344827586207,49.91741379310345,1.0090322580645161,5.382258064516129,-2.72741935483871,1.3274193548387097,1.2093548387096773,79.32,19.91709677419355,0.8387096774193549,19.647903225806452,5.614545454545454,11.763636363636364,-0.19818181818181813,5.782727272727273,4.823636363636363,78.62,157.49,2.3522727272727275,73.42545454545456,4032064,8096384512
89,switzerland,liestal,2008,350,2.067241379310345,7.048965517241379,-1.6575862068965517,2.695689655172414,1.2417241379310344,85.99586206896552,89.35793103448276,0.7725862068965518,6.57396551724138,1.0796774193548386,4.816129032258065,-1.674516129032258,1.5708064516129032,2.1948387096774193,89.31677419354838,43.25451612903226,0.08677419354838711,1.2054838709677422,2.7054545454545456,6.445454545454545,-1.0999999999999999,2.6727272727272724,2.740909090909091,85.65181818181819,124.15181818181819,0.7313636363636362,31.48272727272727,4032064,8096384512
91,switzerland,binningen,2008,315,2.067241379310345,7.048965517241379,-1.6575862068965517,2.695689655172414,1.2417241379310344,85.99586206896552,89.35793103448276,0.7725862068965518,6.57396551724138,1.0796774193548386,4.816129032258065,-1.674516129032258,1.5708064516129032,2.1948387096774193,89.31677419354838,43.25451612903226,0.08677419354838711,1.2054838709677422,2.7054545454545456,6.445454545454545,-1.0999999999999999,2.6727272727272724,2.740909090909091,85.65181818181819,124.15181818181819,0.7313636363636362,31.48272727272727,4032064,8096384512
93,japan,fukuoka,2008,2.5,3.08,7.698620689655173,-0.9158620689655173,3.3913793103448278,1.7527586206896553,74.25206896551724,121.96827586206896,0.5432758620689656,48.9798275862069,4.37741935483871,8.838387096774193,0.724516129032258,4.781451612903226,3.176774193548387,82.81677419354838,44.601290322580645,1.412741935483871,29.22225806451613,6.1872727272727275,11.323636363636364,1.0972727272727274,6.210454545454546,3.6618181818181816,77.91363636363637,175.37181818181818,2.2550000000000003,69.30863636363637,4032064,8096384512
95,japan,kyoto,2008,44,1.5903448275862069,5.26551724137931,-1.4596551724137932,1.9029310344827586,3.5017241379310344,82.10620689655173,145.8655172413793,0.12051724137931039,19.441206896551723,2.2435483870967743,5.9077419354838705,-0.5625806451612904,2.67258064516129,2.994838709677419,85.53032258064516,47.192903225806454,0.5898387096774192,13.454838709677418,4.424545454545455,9.18,0.29636363636363633,4.738181818181818,2.018181818181818,81.17636363636363,204.78727272727272,1.2177272727272725,24.73181818181818,4032064,8096384512
98,switzerland,albisgütli,2008,530,2.423793103448276,6.976206896551724,-0.9979310344827587,2.9891379310344828,1.4906896551724138,81.74241379310345,99.91103448275862,0.889655172413793,6.732068965517242,1.0241935483870968,4.463225806451613,-1.5019354838709678,1.4806451612903226,2.4248387096774193,85.88548387096775,46.82709677419355,0.07838709677419357,1.0098387096774195,2.8754545454545455,6.529090909090909,-0.6518181818181817,2.9386363636363635,3.178181818181818,84.76545454545455,142.84818181818181,1.0540909090909092,36.46545454545455,4032064,8096384512
102,switzerland,meteoschweiz,2008,555,2.423793103448276,6.976206896551724,-0.9979310344827587,2.9891379310344828,1.4906896551724138,81.74241379310345,99.91103448275862,0.889655172413793,6.732068965517242,1.0241935483870968,4.463225806451613,-1.5019354838709678,1.4806451612903226,2.4248387096774193,85.88548387096775,46.82709677419355,0.07838709677419357,1.0098387096774195,2.8754545454545455,6.529090909090909,-0.6518181818181817,2.9386363636363635,3.178181818181818,84.76545454545455,142.84818181818181,1.0540909090909092,36.46545454545455,4032064,8096384512
105,canada,vancouver,2008,24,5.056551724137931,7.328275862068965,3.269310344827586,5.298793103448276,2.6575862068965517,86.96379310344828,219.06137931034482,1.5686206896551724,26.083275862068966,2.9661290322580647,4.4712903225806455,1.2464516129032257,2.8588709677419355,5.334193548387097,85.60806451612903,101.06290322580645,0.38483870967741934,9.549032258064516,6.123636363636364,8.581818181818182,3.820909090909091,6.201363636363636,3.1245454545454545,85.46272727272726,258.97545454545457,2.201363636363636,68.26272727272728,4032064,8096384512
111,switzerland,laufenburg,2008,330,2.276551724137931,7.174137931034482,-1.3844827586206896,2.8948275862068966,1.3213793103448275,83.73482758620689,94.4848275862069,0.8632758620689656,7.06896551724138,1.0725806451612903,4.765483870967742,-1.4990322580645161,1.633225806451613,2.316774193548387,87.38064516129032,45.44064516129032,0.0929032258064516,1.225,2.87,6.6472727272727274,-0.8109090909090909,2.918181818181818,2.9945454545454546,84.78363636363636,132.59727272727272,0.9459090909090908,35.72090909090909,4032064,8096384512
116,switzerland,witikon,2008,620,2.423793103448276,6.976206896551724,-0.9979310344827587,2.9891379310344828,1.4906896551724138,81.74241379310345,99.91103448275862,0.889655172413793,6.732068965517242,1.0241935483870968,4.463225806451613,-1.5019354838709678,1.4806451612903226,2.4248387096774193,85.88548387096775,46.82709677419355,0.07838709677419357,1.0098387096774195,2.8754545454545455,6.529090909090909,-0.6518181818181817,2.9386363636363635,3.178181818181818,84.76545454545455,142.84818181818181,1.0540909090909092,36.46545454545455,4032064,8096384512
82,japan,fukuoka,2009,2.5,7.366071428571429,12.348928571428571,3.049642857142857,7.699285714285714,4.139285714285714,81.94714285714285,120.38535714285715,3.781428571428571,95.37214285714286,4.172903225806452,8.01741935483871,0.8758064516129033,4.446612903225806,2.3070967741935484,80.62967741935483,21.358064516129033,1.4914516129032258,17.388870967741937,7.483333333333333,12.221666666666668,2.8858333333333333,7.55375,2.5091666666666668,78.815,206.82333333333332,3.5537500000000004,175.08041666666668,4036081,8108486729
91,unitedstates,washingtondc,2009,0,1.7039285714285715,7.132857142857143,-2.787142857142857,2.172857142857143,0.4367857142857143,76.84142857142857,67.67892857142857,0.88625,12.809642857142858,-1.9616129032258065,1.6287096774193548,-5.269677419354839,-1.8204838709677418,2.019032258064516,79.51870967741935,38.45612903225806,0,0,4.5008333333333335,10.009166666666667,-0.47666666666666657,4.76625,0.9491666666666666,78.23416666666667,85.685,3.4250000000000003,40.830416666666665,4036081,8108486729
95,japan,kyoto,2009,44,4.531785714285714,8.871428571428572,0.3385714285714286,4.605,4.301428571428572,82.54035714285715,182.72464285714287,1.1642857142857144,34.02589285714286,2.89,6.787419354838709,-0.2229032258064516,3.282258064516129,4.524516129032258,84.29612903225807,54.77290322580645,0.6506451612903226,5.85758064516129,5.2375,9.770833333333334,1.2208333333333334,5.495833333333334,3.3808333333333334,80.72583333333333,285.4816666666667,1.7433333333333332,64.00916666666667,4036081,8108486729
100,switzerland,liestal,2009,350,-1.3264285714285715,2.249285714285714,-4.418571428571428,-1.084642857142857,2.4164285714285714,90.74214285714285,73.01535714285714,0.017857142857142856,0.017857142857142856,-3.7329032258064516,0.642258064516129,-6.591935483870968,-2.974838709677419,1.0541935483870968,92.24612903225807,12.84,0,0,1.5841666666666667,4.875,-1.5783333333333334,1.6483333333333332,4.583333333333333,89.555,128.85333333333332,0.09000000000000001,1.5750000000000002,4036081,8108486729
100,switzerland,albisgütli,2009,530,-1.3439285714285714,2.0239285714285713,-4.402142857142857,-1.1891071428571427,2.7360714285714285,87.99142857142857,78.07464285714286,0.028214285714285716,0.06839285714285707,-3.063225806451613,0.9238709677419354,-5.702903225806452,-2.389516129032258,1.2725806451612902,88.80645161290323,15.44,0,0,1.4391666666666667,4.474166666666667,-1.5666666666666667,1.4537499999999999,5.605833333333333,89.19333333333333,149.54333333333332,0.10249999999999997,1.962083333333333,4036081,8108486729
101,switzerland,meteoschweiz,2009,555,-1.3439285714285714,2.0239285714285713,-4.402142857142857,-1.1891071428571427,2.7360714285714285,87.99142857142857,78.07464285714286,0.028214285714285716,0.06839285714285707,-3.063225806451613,0.9238709677419354,-5.702903225806452,-2.389516129032258,1.2725806451612902,88.80645161290323,15.44,0,0,1.4391666666666667,4.474166666666667,-1.5666666666666667,1.4537499999999999,5.605833333333333,89.19333333333333,149.54333333333332,0.10249999999999997,1.962083333333333,4036081,8108486729
106,switzerland,laufenburg,2009,330,-1.255,2.3064285714285715,-4.331785714285714,-1.0126785714285713,2.3214285714285716,89.15678571428572,71.55,0.024285714285714275,0.024285714285714275,-3.381290322580645,0.9267741935483872,-6.098709677419355,-2.585967741935484,1.159032258064516,90.67774193548387,14.028387096774193,0,0,1.7266666666666666,4.934166666666667,-1.4016666666666666,1.76625,5.03,88.82083333333334,131.24333333333334,0.13916666666666674,2.3100000000000005,4036081,8108486729
108,switzerland,witikon,2009,620,-1.3439285714285714,2.0239285714285713,-4.402142857142857,-1.1891071428571427,2.7360714285714285,87.99142857142857,78.07464285714286,0.028214285714285716,0.06839285714285707,-3.063225806451613,0.9238709677419354,-5.702903225806452,-2.389516129032258,1.2725806451612902,88.80645161290323,15.44,0,0,1.4391666666666667,4.474166666666667,-1.5666666666666667,1.4537499999999999,5.605833333333333,89.19333333333333,149.54333333333332,0.10249999999999997,1.962083333333333,4036081,8108486729
73,canada,vancouver,2010,24,6.763214285714286,9.131071428571428,4.835714285714285,6.983392857142857,3.3560714285714286,86.51178571428571,241.85142857142858,2.983392857142857,120.68178571428571,6.4067741935483875,7.841612903225807,5.042580645161291,6.442096774193549,6.47258064516129,88.32774193548387,130.10451612903225,2.532258064516129,38.06612903225806,6.3966666666666665,8.735,4.223333333333334,6.479166666666667,2.8208333333333333,83.23833333333333,303.3325,2.5816666666666666,183.135,4040100,8120601000
84,japan,fukuoka,2010,2.5,6.5042857142857144,11.266785714285714,2.3564285714285713,6.8116071428571425,3.9657142857142857,79.73571428571428,113.84214285714286,3.34125,59.68089285714286,3.5580645161290323,7.977741935483871,-0.45064516129032256,3.7635483870967743,1.7490322580645161,78.40741935483871,17.76774193548387,0.8480645161290322,9.46774193548387,7.359999999999999,11.418333333333333,3.4183333333333334,7.418333333333333,8.69,87.71000000000001,223.29416666666668,3.9633333333333334,152.52833333333334,4040100,8120601000
90,unitedstates,washingtondc,2010,0,-2.4775,1.2449999999999999,-6.461785714285714,-2.6083928571428574,3.351785714285714,89.29142857142857,128.32607142857142,0,7.829999999999998,-1.312258064516129,2.8770967741935483,-4.705161290322581,-0.9140322580645162,1.9474193548387098,83.85709677419355,20.12451612903226,0.25258064516129025,2.4635483870967736,4.570833333333333,9.7875,0.3875,5.0875,2.4575,82.77666666666667,159.9025,1.7304166666666667,12.197916666666664,4040100,8120601000
95,japan,kyoto,2010,44,4.418214285714286,8.566428571428572,1.0035714285714286,4.785,5.064642857142857,82.97964285714286,135.75178571428572,2.0014285714285713,26.66464285714286,2.5206451612903225,6.498064516129032,-0.6948387096774193,2.9016129032258062,2.5270967741935486,84.18806451612903,40.443225806451615,0.35096774193548386,3.617741935483871,5.8525,9.46,2.3483333333333336,5.904166666666667,7.045,86.98583333333333,264.2316666666667,2.1862500000000002,85.13291666666666,4040100,8120601000
97,switzerland,binningen,2010,315,-1.225,2.474642857142857,-4.45,-0.9876785714285714,2.2860714285714288,89.79071428571429,74.39428571428572,0.18303571428571433,0.6878571428571431,-3.781935483870968,-0.4932258064516129,-6.561935483870967,-3.52758064516129,1.436774193548387,92.87870967741935,21.78548387096774,0,0,-1.9875,2,-5.3975,-1.69875,1.0683333333333334,81.705,115.41666666666667,0,5.125000000000001,4040100,8120601000
98,switzerland,liestal,2010,350,-1.225,2.474642857142857,-4.45,-0.9876785714285714,2.2860714285714288,89.79071428571429,74.39428571428572,0.18303571428571433,0.6878571428571431,-3.781935483870968,-0.4932258064516129,-6.561935483870967,-3.52758064516129,1.436774193548387,92.87870967741935,21.78548387096774,0,0,-1.9875,2,-5.3975,-1.69875,1.0683333333333334,81.705,115.41666666666667,0,5.125000000000001,4040100,8120601000
106,switzerland,meteoschweiz,2010,555,-1.1317857142857144,2.5875,-4.308571428571429,-0.8605357142857143,2.005357142857143,87.55714285714285,85.68357142857143,0.23553571428571426,0.7194642857142858,-3.617741935483871,-0.5774193548387097,-6.2941935483870965,-3.4358064516129034,1.7764516129032257,89.62451612903226,24.817096774193548,0,0,-1.8475,2.0366666666666666,-5.166666666666667,-1.565,1.5083333333333333,83.60166666666666,120.71166666666667,0.010000000000000009,6.715,4040100,8120601000
107,switzerland,albisgütli,2010,530,-1.1317857142857144,2.5875,-4.308571428571429,-0.8605357142857143,2.005357142857143,87.55714285714285,85.68357142857143,0.23553571428571426,0.7194642857142858,-3.617741935483871,-0.5774193548387097,-6.2941935483870965,-3.4358064516129034,1.7764516129032257,89.62451612903226,24.817096774193548,0,0,-1.8475,2.0366666666666666,-5.166666666666667,-1.565,1.5083333333333333,83.60166666666666,120.71166666666667,0.010000000000000009,6.715,4040100,8120601000
111,switzerland,laufenburg,2010,330,-1.0264285714285715,2.935714285714286,-4.261785714285714,-0.6630357142857142,1.9492857142857143,88.03071428571428,73.05214285714285,0.24517857142857144,0.8441071428571431,-3.6206451612903225,-0.3393548387096774,-6.384193548387096,-3.361774193548387,1.4858064516129033,91.18193548387097,21.558387096774194,0,0,-1.7775,2.21,-5.1125,-1.45125,1.2191666666666667,81.47083333333333,108.33416666666666,0.009583333333333352,6.98,4040100,8120601000
113,switzerland,witikon,2010,620,-1.1317857142857144,2.5875,-4.308571428571429,-0.8605357142857143,2.005357142857143,87.55714285714285,85.68357142857143,0.23553571428571426,0.7194642857142858,-3.617741935483871,-0.5774193548387097,-6.2941935483870965,-3.4358064516129034,1.7764516129032257,89.62451612903226,24.817096774193548,0,0,-1.8475,2.0366666666666666,-5.166666666666667,-1.565,1.5083333333333333,83.60166666666666,120.71166666666667,0.010000000000000009,6.715,4040100,8120601000
88,unitedstates,washingtondc,2011,0,2.244285714285714,7.672142857142857,-2.3742857142857146,2.6489285714285713,2.1,78.47607142857143,80.76642857142856,1.200357142857143,9.145178571428572,-2.3261290322580646,1.416774193548387,-5.81,-2.1966129032258066,1.748709677419355,82.11645161290322,18.828387096774193,9.67741935483879e-4,0.03000000000000025,4.8325,10.186666666666667,-0.3216666666666667,4.9325,6.906666666666666,79.36666666666667,146.60583333333332,1.65625,42.60875,4044121,8132727331
89,switzerland,binningen,2011,315,1.225,5.922857142857143,-1.7057142857142857,2.1085714285714285,1.1589285714285715,90.17285714285714,63.92035714285714,0.30999999999999994,18.229285714285712,-0.47193548387096773,3.0238709677419355,-3.096774193548387,-0.03645161290322579,1.7735483870967743,92.27516129032259,36.108387096774194,0.40967741935483876,8.624516129032259,2.03,8.19,-2.3133333333333335,2.9383333333333335,0.03166666666666667,84.035,87.56166666666667,0.4895833333333333,22.385416666666664,4044121,8132727331
90,switzerland,liestal,2011,350,1.225,5.922857142857143,-1.7057142857142857,2.1085714285714285,1.1589285714285715,90.17285714285714,63.92035714285714,0.30999999999999994,18.229285714285712,-0.47193548387096773,3.0238709677419355,-3.096774193548387,-0.03645161290322579,1.7735483870967743,92.27516129032259,36.108387096774194,0.40967741935483876,8.624516129032259,2.03,8.19,-2.3133333333333335,2.9383333333333335,0.03166666666666667,84.035,87.56166666666667,0.4895833333333333,22.385416666666664,4044121,8132727331
91,canada,vancouver,2011,24,3.0742857142857143,4.911785714285714,1.2046428571428571,3.0582142857142856,4.526428571428571,82.07,289.5967857142857,0.6333928571428572,48.83089285714286,3.9496774193548387,5.628064516129032,2.317096774193548,3.9725806451612904,7.0287096774193545,86.58258064516129,127.26967741935484,1.172258064516129,14.56516129032258,5.014166666666667,6.925,3.2375,5.08125,5.656666666666667,87.57416666666667,377.7475,1.2129166666666666,59.86,4044121,8132727331
92,japan,fukuoka,2011,2.5,5.63,11.092857142857143,1.124642857142857,6.10875,2.1832142857142856,81.53785714285715,70.985,2.4173214285714284,22.49982142857143,0.8735483870967742,4.389677419354839,-1.9909677419354839,1.1993548387096773,1.445483870967742,77.64290322580645,39.04677419354839,0.026935483870967742,0.8080645161290322,4.2,8.836666666666666,0.2958333333333333,4.56625,1.9375,71.7175,121.69916666666667,0.8920833333333332,75.38625,4044121,8132727331
95,switzerland,meteoschweiz,2011,555,1.1942857142857144,5.511785714285714,-1.7478571428571428,1.8819642857142855,1.2971428571428572,85.87142857142857,65.43107142857143,0.3396428571428571,14.818035714285712,-0.91,2.3874193548387095,-3.4525806451612904,-0.5325806451612903,1.8296774193548386,89.40645161290323,35.08387096774194,0.27741935483870966,4.8801612903225795,2.1391666666666667,7.845833333333333,-1.7158333333333333,3.065,0.024166666666666666,84.03666666666666,93.20583333333333,0.6616666666666666,19.509166666666662,4044121,8132727331
95,switzerland,witikon,2011,620,1.1942857142857144,5.511785714285714,-1.7478571428571428,1.8819642857142855,1.2971428571428572,85.87142857142857,65.43107142857143,0.3396428571428571,14.818035714285712,-0.91,2.3874193548387095,-3.4525806451612904,-0.5325806451612903,1.8296774193548386,89.40645161290323,35.08387096774194,0.27741935483870966,4.8801612903225795,2.1391666666666667,7.845833333333333,-1.7158333333333333,3.065,0.024166666666666666,84.03666666666666,93.20583333333333,0.6616666666666666,19.509166666666662,4044121,8132727331
97,switzerland,laufenburg,2011,330,1.2060714285714285,5.8,-1.745,2.0275,1.1357142857142857,88.29714285714286,63.64821428571428,0.29874999999999996,15.831071428571427,-0.6596774193548386,2.873548387096774,-3.2761290322580643,-0.2012903225806452,1.7925806451612902,90.7816129032258,35.41935483870968,0.33983870967741936,6.645806451612903,2.1083333333333334,8.298333333333334,-2.0808333333333335,3.10875,0.013333333333333332,83.51916666666666,87.4425,0.5925,20.185,4044121,8132727331
99,japan,kyoto,2011,44,3.6832142857142856,8.479285714285714,-0.4496428571428571,4.0148214285714285,3.5171428571428573,82.30642857142857,106.86785714285713,1.059107142857143,6.686964285714287,0.3648387096774194,3.5138709677419353,-2.101935483870968,0.7059677419354838,2.3725806451612903,84.34677419354838,38.39193548387097,0,0,2.69,6.581666666666667,-0.5983333333333333,2.9916666666666667,3.1141666666666667,81.31666666666666,193.98166666666665,0.24083333333333332,31.93916666666667,4044121,8132727331
80,unitedstates,washingtondc,2012,0,3.9975862068965515,9.06448275862069,-0.5503448275862068,4.257068965517242,2.1217241379310345,81.36586206896551,66.08344827586207,1.4034482758620688,43.95206896551724,2.1106451612903228,6.736129032258065,-1.919032258064516,2.4085483870967743,1.6341935483870969,83.01,26.120967741935484,0.8495161290322581,12.127741935483872,6.398181818181818,11.728181818181818,0.8872727272727273,6.307727272727273,1.2863636363636364,76.78818181818181,123.74909090909091,2.975,85.78045454545455,4048144,8144865728
88,switzerland,binningen,2012,315,-4.602758620689655,-0.22482758620689658,-8.181034482758621,-4.202931034482758,0.6793103448275861,88.27724137931034,112.62448275862069,0.21775862068965518,3.9268965517241377,0.6870967741935484,3.8245161290322582,-1.8048387096774194,1.0098387096774193,3.3193548387096774,91.80387096774193,58.590322580645164,0.10709677419354836,3.0437096774193546,3.4718181818181817,8.93909090909091,-0.7009090909090909,4.119090909090909,0.8327272727272728,83.96727272727273,127.25545454545454,1.3713636363636366,22.929545454545455,4048144,8144865728
92,japan,fukuoka,2012,2.5,3.1617241379310346,7.300689655172413,-0.21586206896551724,3.542413793103448,5.0072413793103445,80.88931034482759,88.73034482758621,1.0367241379310344,31.5,3.0719354838709676,7.232258064516129,-0.1345161290322581,3.5488709677419354,0.8732258064516129,79.81516129032258,13.600645161290322,0.6499999999999999,9.600967741935483,7.443636363636363,11.236363636363636,4.246363636363636,7.741363636363636,5.03,86.92545454545454,212.03363636363636,3.7413636363636362,76.79545454545455,4048144,8144865728
92,switzerland,meteoschweiz,2012,555,-4.914827586206897,-0.9368965517241379,-8.29448275862069,-4.615689655172414,1.083793103448276,87.98620689655172,157.73689655172413,0.1968965517241379,1.6658620689655175,0.35419354838709677,3.1593548387096773,-1.9058064516129032,0.626774193548387,4.6,89.4325806451613,80.48903225806451,0.034677419354838715,1.0750000000000002,3.9072727272727272,8.893636363636363,0.22454545454545458,4.559090909090909,1.0263636363636364,81.43636363636364,179.31545454545454,1.6272727272727272,22.538636363636364,4048144,8144865728
93,switzerland,liestal,2012,350,-4.602758620689655,-0.22482758620689658,-8.181034482758621,-4.202931034482758,0.6793103448275861,88.27724137931034,112.62448275862069,0.21775862068965518,3.9268965517241377,0.6870967741935484,3.8245161290322582,-1.8048387096774194,1.0098387096774193,3.3193548387096774,91.80387096774193,58.590322580645164,0.10709677419354836,3.0437096774193546,3.4718181818181817,8.93909090909091,-0.7009090909090909,4.119090909090909,0.8327272727272728,83.96727272727273,127.25545454545454,1.3713636363636366,22.929545454545455,4048144,8144865728
97,switzerland,laufenburg,2012,330,-4.701379310344827,-0.26206896551724135,-8.253103448275862,-4.257586206896551,0.7844827586206896,87.59862068965518,127.92068965517241,0.2293103448275862,3.3641379310344823,0.6383870967741936,3.7390322580645163,-1.7448387096774194,0.9970967741935485,3.7693548387096776,90.49709677419355,65.7041935483871,0.08516129032258063,2.5709677419354837,3.6754545454545453,9.091818181818182,-0.45909090909090905,4.316363636363636,0.8509090909090908,82.80636363636364,144.10363636363635,1.4286363636363637,23.098181818181818,4048144,8144865728
101,japan,kyoto,2012,44,1.2975862068965518,4.817241379310345,-1.726206896551724,1.5455172413793103,4.688620689655172,84.22103448275863,180.5196551724138,0.2782758620689655,3.790862068965518,1.597741935483871,4.940322580645161,-0.9396774193548387,2.0003225806451614,3.4593548387096775,85.85322580645162,45.51,0.06435483870967745,0.9185483870967749,5.993636363636363,10.201818181818181,2.4654545454545453,6.333636363636363,6.717272727272727,88.89363636363636,288.9918181818182,2.434090909090909,27.580454545454543,4048144,8144865728
104,switzerland,witikon,2012,620,-4.914827586206897,-0.9368965517241379,-8.29448275862069,-4.615689655172414,1.083793103448276,87.98620689655172,157.73689655172413,0.1968965517241379,1.6658620689655175,0.35419354838709677,3.1593548387096773,-1.9058064516129032,0.626774193548387,4.6,89.4325806451613,80.48903225806451,0.034677419354838715,1.0750000000000002,3.9072727272727272,8.893636363636363,0.22454545454545458,4.559090909090909,1.0263636363636364,81.43636363636364,179.31545454545454,1.6272727272727272,22.538636363636364,4048144,8144865728
116,switzerland,albisgütli,2012,530,-4.914827586206897,-0.9368965517241379,-8.29448275862069,-4.615689655172414,1.083793103448276,87.98620689655172,157.73689655172413,0.1968965517241379,1.6658620689655175,0.35419354838709677,3.1593548387096773,-1.9058064516129032,0.626774193548387,4.6,89.4325806451613,80.48903225806451,0.034677419354838715,1.0750000000000002,3.9072727272727272,8.893636363636363,0.22454545454545458,4.559090909090909,1.0263636363636364,81.43636363636364,179.31545454545454,1.6272727272727272,22.538636363636364,4048144,8144865728
81,japan,fukuoka,2013,2.5,4.741428571428571,9.693928571428572,0.28035714285714286,4.987142857142857,4.517857142857143,79.59607142857143,132.73214285714286,1.6948214285714285,50.69142857142857,3.048709677419355,7.690967741935484,-0.4861290322580645,3.60241935483871,1.7338709677419355,78.7283870967742,27.171935483870968,0.7774193548387097,8.200000000000001,8.221666666666668,14.4775,2.2183333333333333,8.347916666666666,1.8758333333333332,79.0025,202.27416666666667,4.367083333333333,94.48333333333333,4052169,8157016197
93,japan,kyoto,2013,44,2.0975,6.0675,-1.2667857142857142,2.400357142857143,3.9578571428571427,83.18607142857142,141.69714285714286,0.5926785714285715,14.365535714285713,1.488709677419355,5.372580645161291,-1.3674193548387097,2.00258064516129,2.698709677419355,83.9658064516129,40.88451612903226,0.11387096774193546,1.4856451612903225,5.65,11.450833333333334,0.7808333333333333,6.115833333333333,2.1258333333333335,80.03666666666666,216.625,2.80625,35.56583333333333,4052169,8157016197
99,unitedstates,washingtondc,2013,0,0.7575000000000001,4.803928571428571,-2.7975,1.0032142857142858,1.81,80.74285714285715,105.7575,0.3025,32.97071428571429,1.5538709677419356,5.990967741935484,-2.032258064516129,1.9793548387096773,2.8132258064516127,83.22322580645161,24.141612903225806,0.97,10.536129032258065,3.4341666666666666,8.045833333333333,-0.8650000000000001,3.5904166666666666,4.050833333333333,78.25333333333333,155.00083333333333,1.1358333333333333,41.11875,4052169,8157016197
107,switzerland,liestal,2013,350,-3.1532142857142857,0.4114285714285714,-6.542857142857143,-3.065714285714286,3.045714285714286,92.68035714285715,129.23035714285714,0.05375,6.409999999999999,-1.1603225806451614,1.8641935483870968,-3.6416129032258064,-0.8887096774193548,1.8664516129032258,93.08,25.475161290322582,0.15822580645161288,0.26596774193548384,3.330833333333333,8.310833333333333,-0.3566666666666667,3.9770833333333333,1.0983333333333332,86.4325,146.80916666666667,0.9845833333333334,11.444583333333332,4052169,8157016197
109,switzerland,binningen,2013,315,-3.1532142857142857,0.4114285714285714,-6.542857142857143,-3.065714285714286,3.045714285714286,92.68035714285715,129.23035714285714,0.05375,6.409999999999999,-1.1603225806451614,1.8641935483870968,-3.6416129032258064,-0.8887096774193548,1.8664516129032258,93.08,25.475161290322582,0.15822580645161288,0.26596774193548384,3.330833333333333,8.310833333333333,-0.3566666666666667,3.9770833333333333,1.0983333333333332,86.4325,146.80916666666667,0.9845833333333334,11.444583333333332,4052169,8157016197
113,switzerland,albisgütli,2013,530,-3.3,0.25928571428571423,-6.8428571428571425,-3.291785714285714,3.611428571428571,91.83642857142857,150.8317857142857,0.06678571428571425,8.024999999999999,-0.8054838709677419,2.1293548387096775,-3.2306451612903224,-0.5506451612903226,2.174193548387097,89.6758064516129,30.547096774193548,0.1985483870967742,0.3258064516129032,3.915,8.918333333333333,0.345,4.631666666666667,0.9600000000000001,84.22916666666667,171.60999999999999,1.4829166666666669,15.511666666666667,4052169,8157016197
114,switzerland,meteoschweiz,2013,555,-3.3,0.25928571428571423,-6.8428571428571425,-3.291785714285714,3.611428571428571,91.83642857142857,150.8317857142857,0.06678571428571425,8.024999999999999,-0.8054838709677419,2.1293548387096775,-3.2306451612903224,-0.5506451612903226,2.174193548387097,89.6758064516129,30.547096774193548,0.1985483870967742,0.3258064516129032,3.915,8.918333333333333,0.345,4.631666666666667,0.9600000000000001,84.22916666666667,171.60999999999999,1.4829166666666669,15.511666666666667,4052169,8157016197
116,switzerland,laufenburg,2013,330,-3.030357142857143,0.5617857142857143,-6.4382142857142854,-2.938214285714286,3.302142857142857,91.95928571428571,136.3617857142857,0.06589285714285713,7.64,-0.9409677419354839,2.1564516129032256,-3.36741935483871,-0.6054838709677419,1.916774193548387,91.36193548387097,25.699354838709677,0.18693548387096773,0.31193548387096776,3.666666666666667,8.713333333333333,0.16166666666666665,4.4375,0.9966666666666666,85.13166666666666,155.245,1.2650000000000001,14.295416666666666,4052169,8157016197
121,switzerland,witikon,2013,620,-3.3,0.25928571428571423,-6.8428571428571425,-3.291785714285714,3.611428571428571,91.83642857142857,150.8317857142857,0.06678571428571425,8.024999999999999,-0.8054838709677419,2.1293548387096775,-3.2306451612903224,-0.5506451612903226,2.174193548387097,89.6758064516129,30.547096774193548,0.1985483870967742,0.3258064516129032,3.915,8.918333333333333,0.345,4.631666666666667,0.9600000000000001,84.22916666666667,171.60999999999999,1.4829166666666669,15.511666666666667,4052169,8157016197
84,switzerland,liestal,2014,350,2.4914285714285715,6.8975,-0.7532142857142857,3.072142857142857,2.476785714285714,86.6925,92.93642857142856,0.15999999999999998,12.537142857142856,1.6912903225806453,5.131935483870968,-0.844516129032258,2.1437096774193547,1.8941935483870969,89.86451612903225,35.619032258064514,0.355,8.376129032258063,3.605,9.72,-1.2491666666666668,4.235416666666667,0.45749999999999996,83.5475,132.83583333333334,0.8591666666666667,18.36583333333333,4056196,8169178744
86,japan,fukuoka,2014,2.5,5.019285714285714,9.603928571428572,1.4057142857142857,5.504821428571429,2.730714285714286,81.16607142857143,71.85678571428572,2.1053571428571427,74.2844642857143,4.555483870967742,9.68774193548387,0.3283870967741936,5.008064516129032,0.8093548387096774,76.50967741935484,6.345483870967742,1.4969354838709679,21.044032258064515,5.8308333333333335,11.163333333333334,0.9333333333333333,6.048333333333334,1.2233333333333334,71.9425,111.7675,2.1816666666666666,122.89791666666667,4056196,8169178744
92,switzerland,meteoschweiz,2014,555,2.5621428571428573,7.045714285714285,-0.5182142857142857,3.26375,2.342142857142857,83.44821428571429,87.78107142857142,0.2282142857142857,10.995178571428571,1.6012903225806452,4.872580645161291,-0.9819354838709677,1.9453225806451613,1.8229032258064517,86.40774193548387,29.393225806451614,0.2920967741935484,6.823064516129032,3.92,9.408333333333333,-0.28,4.564166666666667,0.7825,82.90083333333334,130.29916666666665,1.1041666666666667,19.142916666666665,4056196,8169178744
93,switzerland,witikon,2014,620,2.5621428571428573,7.045714285714285,-0.5182142857142857,3.26375,2.342142857142857,83.44821428571429,87.78107142857142,0.2282142857142857,10.995178571428571,1.6012903225806452,4.872580645161291,-0.9819354838709677,1.9453225806451613,1.8229032258064517,86.40774193548387,29.393225806451614,0.2920967741935484,6.823064516129032,3.92,9.408333333333333,-0.28,4.564166666666667,0.7825,82.90083333333334,130.29916666666665,1.1041666666666667,19.142916666666665,4056196,8169178744
94,japan,kyoto,2014,44,2.652857142857143,6.652857142857143,-0.42428571428571427,3.1142857142857143,1.575,81.01607142857142,63.88464285714286,1.105357142857143,27.005000000000003,2.351935483870968,6.877419354838709,-1.346774193548387,2.765322580645161,1.2258064516129032,81.71548387096774,18.79290322580645,0.3312903225806453,2.2972580645161296,3.6083333333333334,8.5025,-0.8483333333333334,3.8270833333333334,1.955,75.97166666666666,98.85583333333334,0.98375,48.99041666666667,4056196,8169178744
94,switzerland,laufenburg,2014,330,2.6503571428571426,7.2160714285714285,-0.6403571428571428,3.287857142857143,2.324642857142857,84.52285714285715,86.27321428571429,0.23267857142857146,13.147678571428571,1.7,5.201612903225806,-0.8448387096774194,2.1783870967741934,1.7670967741935484,87.7283870967742,30.40064516129032,0.3566129032258064,8.349516129032258,3.7375,9.770833333333334,-1.1383333333333334,4.31625,0.6533333333333333,83.10916666666667,126.81666666666666,0.8625000000000002,20.4975,4056196,8169178744
100,unitedstates,washingtondc,2014,0,-1.555,2.930357142857143,-6.345357142857143,-1.7075,3.724642857142857,84.78857142857143,137.94607142857143,0.3458928571428571,6.871607142857143,-2.8403225806451613,1.7380645161290322,-6.9799999999999995,-2.620967741935484,2.1203225806451615,81.51903225806451,43.990645161290324,0.12322580645161291,2.5348387096774196,1.03,7.1275,-4.289166666666667,1.4191666666666667,1.915,81.61666666666667,185.59583333333333,1.1029166666666668,15.938749999999999,4056196,8169178744
104,switzerland,albisgütli,2014,530,2.5621428571428573,7.045714285714285,-0.5182142857142857,3.26375,2.342142857142857,83.44821428571429,87.78107142857142,0.2282142857142857,10.995178571428571,1.6012903225806452,4.872580645161291,-0.9819354838709677,1.9453225806451613,1.8229032258064517,86.40774193548387,29.393225806451614,0.2920967741935484,6.823064516129032,3.92,9.408333333333333,-0.28,4.564166666666667,0.7825,82.90083333333334,130.29916666666665,1.1041666666666667,19.142916666666665,4056196,8169178744
78,canada,vancouver,2015,24,7.802142857142857,9.609285714285715,6.213571428571428,7.911428571428571,4.142857142857143,86.09285714285714,259.615,3.9114285714285715,127.50803571428571,5.964838709677419,7.756129032258064,4.38741935483871,6.071774193548387,5.551612903225807,87.87161290322581,105.10612903225807,2.222741935483871,25.249677419354835,7.86,10.674166666666666,5.458333333333333,8.06625,1.0683333333333334,75.69416666666666,291.0916666666667,4.06625,199.63875,4060225,8181353375
88,japan,fukuoka,2015,2.5,4.5025,9.196785714285713,0.5028571428571429,4.8498214285714285,1.8139285714285713,78.82464285714286,122.87857142857143,1.4501785714285713,55.403035714285714,4.4238709677419354,8.825806451612904,0.6441935483870967,4.735,3.3558064516129034,80.88580645161291,43.806774193548385,1.336451612903226,18.981290322580648,4.468333333333334,8.8533333333333335,0.4391666666666667,4.64625,3.2233333333333336,76.14416666666666,183.115,1.0645833333333332,88.77541666666667,4060225,8181353375
93,japan,kyoto,2015,44,2.889642857142857,6.972142857142857,-0.6214285714285714,3.175357142857143,2.063214285714286,82.53571428571428,192.66107142857143,0.5378571428571429,14.343214285714286,2.5206451612903225,6.1816129032258065,-0.6393548387096775,2.7711290322580644,5.396129032258065,85.36064516129032,83.40451612903226,0.3640322580645161,4.09241935483871,4.2058333333333335,8.611666666666666,0.475,4.543333333333333,4.985833333333334,82.07666666666667,259.97,1.3104166666666666,35.81583333333333,4060225,8181353375
97,switzerland,binningen,2015,315,-1.7964285714285715,2.0410714285714286,-5.045,-1.5019642857142859,1.5639285714285713,89.51535714285714,122.18285714285715,0,9.48,0.13709677419354843,3.4070967741935485,-2.4899999999999998,0.4585483870967742,3.396774193548387,91.69193548387096,51.891290322580645,0.30580645161290326,6.470161290322581,3.5549999999999997,8.505,-1.4375,3.53375,1.6841666666666668,83.61833333333333,167.07666666666665,0.6041666666666667,11.777916666666666,4060225,8181353375
100,unitedstates,washingtondc,2015,0,-4.2092857142857145,0.5982142857142857,-9.061785714285714,-4.2317857142857145,1.6557142857142857,77.67892857142857,115.84071428571428,0.07767857142857142,6.681249999999999,-1.533548387096774,2.278709677419355,-5.199354838709677,-1.4603225806451614,3.0570967741935484,81.45967741935483,49.825483870967744,0.16290322580645158,4.5612903225806445,0.9658333333333333,5.685,-4.278333333333333,0.7033333333333334,4.805,84.32,180.58166666666668,0.89,9.667083333333332,4060225,8181353375
101,switzerland,liestal,2015,350,-1.7964285714285715,2.0410714285714286,-5.045,-1.5019642857142859,1.5639285714285713,89.51535714285714,122.18285714285715,0,9.48,0.13709677419354843,3.4070967741935485,-2.4899999999999998,0.4585483870967742,3.396774193548387,91.69193548387096,51.891290322580645,0.30580645161290326,6.470161290322581,3.5549999999999997,8.505,-1.4375,3.53375,1.6841666666666668,83.61833333333333,167.07666666666665,0.6041666666666667,11.777916666666666,4060225,8181353375
104,switzerland,meteoschweiz,2015,555,-2.048928571428571,1.4525,-5.524642857142857,-2.0360714285714288,1.6567857142857143,87.56285714285714,144.31178571428572,0,8.845000000000002,0.0709677419354839,3.307741935483871,-2.620322580645161,0.34370967741935493,4.033225806451613,89.18838709677419,62.97451612903226,0.28532258064516136,6.038870967741937,3.6075,8.2175,-0.955,3.63125,2.3866666666666667,80.95916666666668,196.39166666666665,0.6991666666666666,11.609166666666669,4060225,8181353375
105,switzerland,witikon,2015,620,-2.048928571428571,1.4525,-5.524642857142857,-2.0360714285714288,1.6567857142857143,87.56285714285714,144.31178571428572,0,8.845000000000002,0.0709677419354839,3.307741935483871,-2.620322580645161,0.34370967741935493,4.033225806451613,89.18838709677419,62.97451612903226,0.28532258064516136,6.038870967741937,3.6075,8.2175,-0.955,3.63125,2.3866666666666667,80.95916666666668,196.39166666666665,0.6991666666666666,11.609166666666669,4060225,8181353375
111,switzerland,laufenburg,2015,330,-1.8110714285714287,2.025357142857143,-5.202142857142857,-1.5883928571428572,1.5964285714285715,88.40785714285714,132.25142857142856,0,10.635000000000002,0.23193548387096774,3.5651612903225804,-2.4738709677419357,0.5456451612903226,3.693548387096774,89.76612903225806,56.744193548387095,0.34306451612903227,7.1524193548387105,3.640833333333333,8.630833333333333,-1.25,3.6904166666666667,2.041666666666667,82.40416666666667,180.73666666666668,0.7008333333333333,13.272083333333335,4060225,8181353375
85,unitedstates,washingtondc,2016,0,1.9775862068965517,6.1979310344827585,-2.1396551724137933,2.029137931034483,3.7913793103448277,82.00965517241379,144.05344827586208,1.1737931034482758,18.70413793103448,-0.9858064516129033,3.188064516129032,-4.9470967741935485,-0.8795161290322582,2.8961290322580644,81.08225806451613,40.748709677419356,0.20145161290322575,3.6466129032258054,7.577272727272727,13.932727272727274,2.0254545454545454,7.9790909090909095,0.5745454545454546,80.34181818181818,204.98454545454544,4.876363636363637,57.253181818181815,4064256,8193540096
90,japan,fukuoka,2016,2.5,4.884137931034482,9.818275862068965,0.6772413793103449,5.247758620689655,3.3624137931034483,77.92965517241379,140.8903448275862,1.7725862068965517,71.15637931034483,4.208387096774193,8.13,0.9567741935483871,4.543387096774193,3.1354838709677417,82.46032258064515,28.197741935483872,1.5448387096774194,29.53,8.537272727272727,14.043636363636363,4.010909090909091,9.027272727272727,3.721818181818182,82.17363636363636,206.69545454545454,5.259090909090909,129.91,4064256,8193540096
94,switzerland,binningen,2016,315,2.4186206896551723,6.149655172413793,-0.8468965517241379,2.6513793103448275,3.6534482758620688,89.50344827586207,204.52620689655174,0.6879310344827586,20.11344827586207,1.1087096774193548,4.526129032258065,-1.6706451612903226,1.427741935483871,4.730645161290322,90.55193548387096,87.45806451612903,0.24500000000000002,1.0683870967741935,0.4672727272727273,4.425454545454546,-2.957272727272727,0.7340909090909091,3.8863636363636362,87.82181818181819,283.18363636363637,0,27.545,4064256,8193540096
95,japan,kyoto,2016,44,3.656206896551724,7.851034482758621,-0.23793103448275865,3.8065517241379307,3.910344827586207,82.3093103448276,153.68758620689655,0.9682758620689655,31.684655172413795,2.724516129032258,6.685806451612903,-0.382258064516129,3.151774193548387,3.1551612903225807,84.7416129032258,26.086451612903225,0.6117741935483871,15.320645161290326,6.922727272727273,11.549999999999999,2.9727272727272727,7.261363636363636,3.2718181818181815,83.11545454545454,222.52454545454546,3.8381818181818175,69.59818181818181,4064256,8193540096
95,switzerland,albisgütli,2016,530,2.527241379310345,6.277586206896552,-0.7413793103448276,2.768103448275862,4.596206896551724,88.8348275862069,240.7206896551724,0.6118965517241379,18.451034482758622,0.8458064516129032,4.045483870967742,-1.909032258064516,1.068225806451613,5.541612903225807,87.43322580645162,94.59451612903226,0.24000000000000005,1.2382258064516132,0.6427272727272727,4.489090909090909,-2.806363636363636,0.8413636363636364,4.15090909090909,86.45,337.77272727272725,0,25.185000000000002,4064256,8193540096
97,switzerland,liestal,2016,350,2.4186206896551723,6.149655172413793,-0.8468965517241379,2.6513793103448275,3.6534482758620688,89.50344827586207,204.52620689655174,0.6879310344827586,20.11344827586207,1.1087096774193548,4.526129032258065,-1.6706451612903226,1.427741935483871,4.730645161290322,90.55193548387096,87.45806451612903,0.24500000000000002,1.0683870967741935,0.4672727272727273,4.425454545454546,-2.957272727272727,0.7340909090909091,3.8863636363636362,87.82181818181819,283.18363636363637,0,27.545,4064256,8193540096
97,switzerland,witikon,2016,620,2.527241379310345,6.277586206896552,-0.7413793103448276,2.768103448275862,4.596206896551724,88.8348275862069,240.7206896551724,0.6118965517241379,18.451034482758622,0.8458064516129032,4.045483870967742,-1.909032258064516,1.068225806451613,5.541612903225807,87.43322580645162,94.59451612903226,0.24000000000000005,1.2382258064516132,0.6427272727272727,4.489090909090909,-2.806363636363636,0.8413636363636364,4.15090909090909,86.45,337.77272727272725,0,25.185000000000002,4064256,8193540096
101,switzerland,meteoschweiz,2016,555,2.527241379310345,6.277586206896552,-0.7413793103448276,2.768103448275862,4.596206896551724,88.8348275862069,240.7206896551724,0.6118965517241379,18.451034482758622,0.8458064516129032,4.045483870967742,-1.909032258064516,1.068225806451613,5.541612903225807,87.43322580645162,94.59451612903226,0.24000000000000005,1.2382258064516132,0.6427272727272727,4.489090909090909,-2.806363636363636,0.8413636363636364,4.15090909090909,86.45,337.77272727272725,0,25.185000000000002,4064256,8193540096
105,switzerland,laufenburg,2016,330,2.6286206896551723,6.509655172413793,-0.803448275862069,2.853103448275862,4.051724137931035,88.36068965517241,216.62137931034482,0.7089655172413792,20.180689655172408,0.992258064516129,4.406774193548387,-1.7229032258064516,1.3419354838709676,4.976451612903226,89.0083870967742,90.13903225806452,0.23370967741935475,1.1311290322580638,0.6518181818181819,4.664545454545454,-2.9345454545454546,0.865,3.9354545454545455,86.98272727272727,302.45,0,27.804999999999996,4064256,8193540096
84,unitedstates,washingtondc,2017,0,5.736071428571429,11.543928571428571,0.5885714285714285,6.06625,0.9267857142857143,76.90785714285714,80.02142857142857,3.208214285714286,67.97125,2.5690322580645164,6.332258064516129,-0.8770967741935484,2.7275806451612903,2.3080645161290323,81.66225806451612,44.45193548387096,1.1193548387096774,17.116290322580646,5.024166666666667,10.195,-0.009166666666666526,5.0929166666666665,0.7975,65.03916666666667,103.21583333333334,3.245416666666667,149.12583333333333,4068289,8205738913
85,switzerland,liestal,2017,350,2.877857142857143,7.364642857142857,-0.42857142857142855,3.468035714285714,2.6657142857142855,88.67999999999999,101.40678571428572,0.83,10.168571428571429,-4.626774193548387,-0.8135483870967742,-7.84516129032258,-4.329354838709677,2.003548387096774,92.67032258064516,27.30258064516129,0,0,4.956666666666667,9.653333333333332,0.7425,5.197916666666667,4.92,82.95666666666666,171.99333333333334,1.5333333333333332,30.770416666666666,4068289,8205738913
86,switzerland,binningen,2017,315,2.877857142857143,7.364642857142857,-0.42857142857142855,3.468035714285714,2.6657142857142855,88.67999999999999,101.40678571428572,0.83,10.168571428571429,-4.626774193548387,-0.8135483870967742,-7.84516129032258,-4.329354838709677,2.003548387096774,92.67032258064516,27.30258064516129,0,0,4.956666666666667,9.653333333333332,0.7425,5.197916666666667,4.92,82.95666666666666,171.99333333333334,1.5333333333333332,30.770416666666666,4068289,8205738913
92,switzerland,albisgütli,2017,530,2.8946428571428573,6.99,-0.3325,3.32875,2.8946428571428573,86.17,135.32857142857142,0.62875,5.394642857142857,-4.99258064516129,-1.1170967741935482,-8.255483870967742,-4.686290322580645,3.0822580645161293,90.93322580645162,41.95193548387097,0,0,5.060833333333333,9.6425,1.1266666666666667,5.3845833333333335,7.163333333333333,81.7525,221.81833333333333,1.6958333333333335,26.96,4068289,8205738913
92,switzerland,witikon,2017,620,2.8946428571428573,6.99,-0.3325,3.32875,2.8946428571428573,86.17,135.32857142857142,0.62875,5.394642857142857,-4.99258064516129,-1.1170967741935482,-8.255483870967742,-4.686290322580645,3.0822580645161293,90.93322580645162,41.95193548387097,0,0,5.060833333333333,9.6425,1.1266666666666667,5.3845833333333335,7.163333333333333,81.7525,221.81833333333333,1.6958333333333335,26.96,4068289,8205738913
93,switzerland,meteoschweiz,2017,555,2.8946428571428573,6.99,-0.3325,3.32875,2.8946428571428573,86.17,135.32857142857142,0.62875,5.394642857142857,-4.99258064516129,-1.1170967741935482,-8.255483870967742,-4.686290322580645,3.0822580645161293,90.93322580645162,41.95193548387097,0,0,5.060833333333333,9.6425,1.1266666666666667,5.3845833333333335,7.163333333333333,81.7525,221.81833333333333,1.6958333333333335,26.96,4068289,8205738913
95,japan,fukuoka,2017,2.5,4.783214285714285,9.854642857142856,0.32071428571428573,5.0876785714285715,2.8096428571428573,76.35428571428571,106.4275,1.596607142857143,69.35089285714285,4.326774193548387,8.956774193548387,0.4870967741935484,4.7219354838709675,2.0945161290322583,78.92967741935485,35.50290322580645,1.523548387096774,28.058225806451613,6.2908333333333335,11.196666666666667,2.1466666666666665,6.671666666666667,0.49666666666666665,71.59833333333333,148.4625,2.7370833333333335,109.73458333333333,4068289,8205738913
97,switzerland,laufenburg,2017,330,2.907142857142857,7.3446428571428575,-0.4128571428571429,3.4658928571428573,2.8407142857142857,87.465,121.07607142857142,0.7469642857142857,7.9375,-4.8503225806451615,-0.8690322580645161,-7.968709677419355,-4.4188709677419356,2.5806451612903225,92.33483870967741,34.74290322580645,0,0,5.086666666666667,9.828333333333333,0.9733333333333333,5.400833333333333,6.086666666666667,82.40916666666666,200.31333333333333,1.6849999999999998,29.984583333333333,4068289,8205738913
99,japan,kyoto,2017,44,2.768214285714286,6.748571428571428,-0.7378571428571429,3.005357142857143,3.4064285714285716,83.27714285714286,151.65285714285713,0.5305357142857143,20.71767857142857,2.493225806451613,6.191290322580645,-0.5106451612903226,2.8403225806451613,3.1467741935483873,83.50935483870968,48.99548387096774,0.47709677419354835,9.988709677419354,4.230833333333333,8.900833333333333,0.1225,4.511666666666667,1.3458333333333332,80.81583333333333,203.22916666666666,1.1766666666666667,39.45375,4068289,8205738913
101,canada,vancouver,2017,24,3.4482142857142857,5.303928571428571,1.7442857142857142,3.524107142857143,5.350714285714286,84.32857142857142,204.5692857142857,0.8617857142857143,28.490000000000002,2.2706451612903225,4.04741935483871,0.617741935483871,2.3325806451612903,3.6861290322580644,80.48645161290322,56.82741935483871,0.5633870967741936,5.573225806451614,4.464166666666666,5.951666666666666,3.0316666666666667,4.491666666666666,8.000833333333333,90.64833333333334,317.24833333333333,1.0008333333333332,46.17541666666666,4068289,8205738913
77,canada,vancouver,2018,24,3.7614285714285716,5.602142857142857,2.0114285714285716,3.806785714285714,4.38,83.02392857142857,336.03607142857146,1.154642857142857,79.43964285714286,5.540322580645161,6.7383870967741935,4.25741935483871,5.497903225806452,8.582258064516129,92.41129032258064,104.32870967741935,1.723225806451613,25.0241935483871,5.2175,7.818333333333333,2.9233333333333333,5.370833333333334,1.9191666666666667,81.90083333333334,403.4975,1.4691666666666665,91.63541666666667,4072324,8217949832
86,japan,fukuoka,2018,2.5,3.378214285714286,7.9903571428571425,-0.5214285714285715,3.7344642857142856,2.0460714285714285,77.07214285714285,107.06642857142857,1.075,37.307678571428575,2.943548387096774,6.641935483870967,-0.03516129032258061,3.3033870967741934,2.746451612903226,79.11290322580645,51.501612903225805,0.98,16.14483870967742,8.064166666666667,13.9025,2.7358333333333333,8.319166666666668,6.569166666666667,79.15666666666667,187.51749999999998,4.319166666666667,89.54416666666667,4072324,8217949832
89,japan,kyoto,2018,44,1.3439285714285714,5.525714285714286,-2.237857142857143,1.6439285714285714,1.8696428571428572,80.36928571428571,124.99,0.23374999999999999,15.881428571428573,1.43,5.125806451612903,-1.532258064516129,1.7967741935483872,3.0083870967741935,84.21225806451612,53.369354838709675,0.49161290322580653,7.897580645161291,5.79,11.600833333333334,0.5358333333333334,6.068333333333333,6.955,81.0925,195.01666666666665,2.242916666666667,39.58958333333334,4072324,8217949832
95,unitedstates,washingtondc,2018,0,4.5075,9.0325,0.03357142857142853,4.533035714285714,4.553571428571429,84.2175,118.25571428571429,2.5710714285714285,52.06035714285714,-0.7674193548387097,4.306129032258064,-5.015806451612903,-0.3548387096774193,1.2509677419354839,75.8225806451613,19.09483870967742,0.9711290322580646,12.19483870967742,2.6683333333333334,7.6575,-1.0591666666666666,3.2991666666666664,1.7941666666666667,75.85,181.72916666666669,0.6224999999999999,109.33624999999999,4072324,8217949832
98,switzerland,liestal,2018,350,-2.3860714285714284,0.9214285714285714,-5.031785714285714,-2.0551785714285713,1.9860714285714285,89.2775,189.43535714285716,0,25.85,3.714193548387097,6.93741935483871,1.284516129032258,4.110967741935484,5.110645161290322,91.85064516129032,86.06064516129032,0.8338709677419356,15.444516129032259,2.865,7.256666666666667,-0.9058333333333334,3.1754166666666666,2.5858333333333334,90.09166666666667,228.95833333333334,0.8883333333333333,28.76,4072324,8217949832
102,switzerland,binningen,2018,315,-2.3860714285714284,0.9214285714285714,-5.031785714285714,-2.0551785714285713,1.9860714285714285,89.2775,189.43535714285716,0,25.85,3.714193548387097,6.93741935483871,1.284516129032258,4.110967741935484,5.110645161290322,91.85064516129032,86.06064516129032,0.8338709677419356,15.444516129032259,2.865,7.256666666666667,-0.9058333333333334,3.1754166666666666,2.5858333333333334,90.09166666666667,228.95833333333334,0.8883333333333333,28.76,4072324,8217949832
107,switzerland,laufenburg,2018,330,-2.2889285714285714,0.9667857142857142,-4.8975,-1.9653571428571428,2.350357142857143,89.19714285714286,208.65214285714285,0,27.089999999999996,3.793548387096774,7.116451612903226,1.3670967741935485,4.241774193548387,5.509677419354839,90.40838709677419,93.12516129032258,0.8738709677419354,16.22064516129032,3.066666666666667,7.675833333333333,-0.7083333333333334,3.48375,2.1566666666666667,88.2975,249.22166666666666,0.9858333333333332,30.723749999999995,4072324,8217949832
107,switzerland,meteoschweiz,2018,555,-2.4514285714285715,0.7710714285714285,-5.119285714285715,-2.174107142857143,2.5489285714285717,89.33,224.56785714285715,0,24.75,3.638709677419355,6.968709677419355,1.2122580645161292,4.090483870967742,5.89258064516129,89.49322580645162,101.06677419354838,0.7983870967741935,14.913387096774192,3.17,7.9366666666666665,-0.6608333333333334,3.6379166666666665,2.0516666666666667,87.02916666666667,266.265,1.0541666666666667,28.7825,4072324,8217949832
107,switzerland,witikon,2018,620,-2.4514285714285715,0.7710714285714285,-5.119285714285715,-2.174107142857143,2.5489285714285717,89.33,224.56785714285715,0,24.75,3.638709677419355,6.968709677419355,1.2122580645161292,4.090483870967742,5.89258064516129,89.49322580645162,101.06677419354838,0.7983870967741935,14.913387096774192,3.17,7.9366666666666665,-0.6608333333333334,3.6379166666666665,2.0516666666666667,87.02916666666667,266.265,1.0541666666666667,28.7825,4072324,8217949832
86,switzerland,liestal,2019,350,2.3725,8.004285714285714,-1.8646428571428573,3.0698214285714287,1.3389285714285715,82.03714285714285,98.96642857142857,1.0180357142857144,7.4367857142857146,-1.32,1.6619354838709677,-3.7406451612903227,-1.0393548387096774,2.2158064516129032,91.55645161290323,39.1941935483871,0,0,5.513333333333334,9.356666666666667,1.5358333333333334,5.44625,2.8000000000000003,82.13833333333334,124.04333333333334,1.8391666666666666,41.340833333333336,4076361,8230172859
88,japan,fukuoka,2019,2.5,6.483214285714285,11.940357142857144,1.8885714285714286,6.914464285714286,3.0292857142857144,78.64785714285715,89.48964285714285,2.974642857142857,84.87053571428571,4.96516129032258,9.976774193548387,0.9209677419354839,5.448870967741936,1.5093548387096773,76.79516129032258,10.47225806451613,1.6191935483870967,26.237903225806452,8.675,12.938333333333333,4.755833333333333,8.847083333333334,8.910833333333333,81.33416666666666,180.32500000000002,4.847083333333334,164.06125,4076361,8230172859
91,unitedstates,washingtondc,2019,0,1.9235714285714285,5.958214285714286,-1.5546428571428572,2.2017857142857142,3.201071428571429,85.6925,122.42071428571428,0.7837500000000001,28.894285714285715,-0.018064516129032194,3.900645161290323,-3.7416129032258065,0.07951612903225799,2.6467741935483873,84.46741935483871,35.785161290322584,0.46580645161290324,12.039193548387098,1.1758333333333333,5.0375,-2.5566666666666666,1.2404166666666667,4.089166666666666,83.8825,206.6125,0.7133333333333334,38.14916666666667,4076361,8230172859
95,japan,kyoto,2019,44,4.234285714285714,8.965714285714286,0.1717857142857143,4.56875,2.2235714285714288,81.985,79.90464285714286,1.3773214285714286,22.43410714285714,2.6438709677419356,6.854516129032258,-0.42774193548387096,3.2133870967741935,1.7170967741935483,83.9358064516129,18.879354838709677,0.16629032258064513,3.485645161290322,6.785833333333334,11.315833333333334,2.62,6.9679166666666665,5.600833333333333,81.47166666666666,145.61,2.9679166666666665,62.464166666666664,4076361,8230172859
95,switzerland,meteoschweiz,2019,555,2.2039285714285715,6.606071428571428,-1.4560714285714285,2.575,1.7342857142857142,76.93321428571429,159.0742857142857,0.8733928571428572,4.278214285714286,-2.2190322580645163,0.7474193548387097,-5.005806451612903,-2.129193548387097,3.8329032258064517,90.59516129032258,77.01774193548387,0,0,5.59,9.155,2.0341666666666667,5.5945833333333335,3.6441666666666666,82.53083333333333,189.99916666666667,1.9420833333333332,37.998333333333335,4076361,8230172859
96,switzerland,laufenburg,2019,330,2.6014285714285714,8.088928571428571,-1.520357142857143,3.2842857142857143,1.4864285714285714,79.49107142857143,122.12214285714286,1.12375,7.913035714285715,-1.5383870967741935,1.4661290322580645,-4.032903225806452,-1.2833870967741936,2.8393548387096774,90.59548387096774,53.94903225806451,0,0,5.650833333333333,9.466666666666667,1.8308333333333333,5.64875,3.0025,81.51166666666667,148.585,2.0054166666666666,45.23125,4076361,8230172859
96,switzerland,albisgütli,2019,530,2.2039285714285715,6.606071428571428,-1.4560714285714285,2.575,1.7342857142857142,76.93321428571429,159.0742857142857,0.8733928571428572,4.278214285714286,-2.2190322580645163,0.7474193548387097,-5.005806451612903,-2.129193548387097,3.8329032258064517,90.59516129032258,77.01774193548387,0,0,5.59,9.155,2.0341666666666667,5.5945833333333335,3.6441666666666666,82.53083333333333,189.99916666666667,1.9420833333333332,37.998333333333335,4076361,8230172859
96,switzerland,witikon,2019,620,2.2039285714285715,6.606071428571428,-1.4560714285714285,2.575,1.7342857142857142,76.93321428571429,159.0742857142857,0.8733928571428572,4.278214285714286,-2.2190322580645163,0.7474193548387097,-5.005806451612903,-2.129193548387097,3.8329032258064517,90.59516129032258,77.01774193548387,0,0,5.59,9.155,2.0341666666666667,5.5945833333333335,3.6441666666666666,82.53083333333333,189.99916666666667,1.9420833333333332,37.998333333333335,4076361,8230172859
102,unitedstates,newyorkcity,2019,8.5,1.4921428571428572,3.8075,-0.9053571428571429,1.4510714285714286,4.483928571428572,81.61107142857144,236.74964285714285,0.2580357142857143,13.46642857142857,0.8770967741935484,3.337096774193548,-2.1106451612903228,0.613225806451613,5.71516129032258,80.64483870967742,76.99709677419355,0.28935483870967743,6.890806451612903,0.6349999999999999,2.7175,-1.5941666666666667,0.5616666666666666,7.536666666666667,80.62583333333333,362.65166666666664,0.1425,16.528750000000002,4076361,8230172859
77,switzerland,liestal,2020,350,4.43551724137931,8.460344827586207,1.1479310344827587,4.804137931034483,3.7386206896551726,85.04586206896552,101.57827586206896,1.6562068965517243,37.46224137931035,1.6570967741935483,5.410645161290323,-0.7690322580645161,2.320806451612903,1.3154838709677419,90.727096774193555,11.988064516129032,0.3220967741935484,2.9735483870967743,4.067272727272727,7.698181818181818,0.51,4.104090909090909,4.920909090909091,87.43636363636364,179.77272727272728,0.963181818181818,62.20545454545454,4080400,8242408000
79,switzerland,binningen,2020,315,4.43551724137931,8.460344827586207,1.1479310344827587,4.804137931034483,3.7386206896551726,85.04586206896552,101.57827586206896,1.6562068965517243,37.46224137931035,1.6570967741935483,5.410645161290323,-0.7690322580645161,2.320806451612903,1.3154838709677419,90.727096774193555,11.988064516129032,0.3220967741935484,2.9735483870967743,4.067272727272727,7.698181818181818,0.51,4.104090909090909,4.920909090909091,87.43636363636364,179.77272727272728,0.963181818181818,62.20545454545454,4080400,8242408000
80,unitedstates,washingtondc,2020,0,4.355862068965517,9.144137931034482,0.21827586206896551,4.681206896551724,2.4562068965517243,79.2751724137931,118.32275862068965,1.8932758620689654,75.00568965517242,3.051290322580645,7.410967741935484,-0.8529032258064516,3.2790322580645164,2.3638709677419354,81.58354838709677,37.256129032258066,1.3291935483870967,28.38806451612903,7.607272727272727,13.604545454545455,1.9727272727272729,7.788636363636364,0.6372727272727273,75.20181818181818,149.48454545454547,3.953181818181818,116.40136363636364,4080400,8242408000
92,japan,kyoto,2020,44,4.697241379310345,9.148965517241379,0.8379310344827586,4.993448275862069,2.8217241379310343,81.30689655172414,133.04103448275862,1.7056896551724139,64.72931034482758,4.835483870967742,8.948064516129032,1.602258064516129,5.275161290322581,3.1838709677419357,83.77935483870968,43.47741935483871,1.398548387096774,20.57354838709677,6.79,12.011818181818182,2.785454545454545,7.3986363636363635,4.801818181818182,83.0690909090909,201.99727272727273,3.4299999999999997,109.72181818181818,4080400,8242408000
92,switzerland,witikon,2020,620,4.425862068965517,8.27344827586207,1.2603448275862068,4.766896551724138,5.166896551724138,82.95413793103448,138.30896551724138,1.628448275862069,34.26120689655173,1.667741935483871,5.123548387096775,-0.7574193548387097,2.1830645161290323,1.695483870967742,85.7458064516129,15.63967741935484,0.24000000000000002,1.3898387096774196,3.72,7.038181818181818,0.5418181818181819,3.79,5.619090909090909,86.42363636363636,234.55272727272725,0.8231818181818181,58.07,4080400,8242408000
93,japan,fukuoka,2020,2.5,6.795172413793104,11.931724137931035,2.179310344827586,7.05551724137931,3.5986206896551725,78.76551724137931,173.35655172413794,3.259310344827586,142.48413793103447,6.638064516129032,11.094516129032257,3.298064516129032,7.196290322580645,4.460322580645161,82.87193548387097,47.04451612903226,3.2479032258064517,49.07241935483871,8.096363636363636,13.013636363636364,3.6272727272727274,8.320454545454545,5.039090909090909,80.13363636363637,261.84818181818184,4.320454545454545,219.34272727272727,4080400,8242408000
93,switzerland,meteoschweiz,2020,555,4.425862068965517,8.27344827586207,1.2603448275862068,4.766896551724138,5.166896551724138,82.95413793103448,138.30896551724138,1.628448275862069,34.26120689655173,1.667741935483871,5.123548387096775,-0.7574193548387097,2.1830645161290323,1.695483870967742,85.7458064516129,15.63967741935484,0.24000000000000002,1.3898387096774196,3.72,7.038181818181818,0.5418181818181819,3.79,5.619090909090909,86.42363636363636,234.55272727272725,0.8231818181818181,58.07,4080400,8242408000
94,canada,vancouver,2020,24,4.8227586206896556,6.852413793103448,3.0851724137931034,4.9687931034482755,4.232068965517241,85.56655172413794,408.1875862068966,1.2656896551724137,77.57827586206896,5.263870967741935,6.672258064516129,3.7635483870967743,5.2179032258064515,10.535806451612903,89.98935483870967,149.93225806451613,2.005483870967742,27.33274193548387,5.14,7.136363636363637,3.331818181818182,5.234090909090909,3.230909090909091,82.42454545454545,471.15636363636366,1.3154545454545454,107.10772727272727,4080400,8242408000
95,switzerland,albisgütli,2020,530,4.425862068965517,8.27344827586207,1.2603448275862068,4.766896551724138,5.166896551724138,82.95413793103448,138.30896551724138,1.628448275862069,34.26120689655173,1.667741935483871,5.123548387096775,-0.7574193548387097,2.1830645161290323,1.695483870967742,85.7458064516129,15.63967741935484,0.24000000000000002,1.3898387096774196,3.72,7.038181818181818,0.5418181818181819,3.79,5.619090909090909,86.42363636363636,234.55272727272725,0.8231818181818181,58.07,4080400,8242408000
97,switzerland,laufenburg,2020,330,4.575862068965518,8.606896551724137,1.3331034482758621,4.97,4.356896551724138,83.36931034482758,118.13655172413793,1.7648275862068963,38.11948275862069,1.6535483870967742,5.319032258064516,-0.7174193548387097,2.300806451612903,1.5032258064516129,88.5,13.756451612903225,0.2953225806451613,2.3445161290322587,4.072727272727272,7.6036363636363635,0.8436363636363636,4.223636363636364,5.156363636363636,86.55727272727273,203.28272727272727,0.9672727272727273,64.78863636363636,4080400,8242408000
81,japan,fukuoka,2021,2.5,6.561428571428571,12.048928571428572,1.8532142857142857,6.951071428571429,3.339642857142857,79.12321428571428,110.67571428571429,3.375714285714286,101.06303571428572,4.212258064516129,8.530645161290323,0.4174193548387097,4.474032258064516,1.808709677419355,79.52451612903226,21.046774193548387,1.8988709677419355,20.074032258064516,9.366666666666667,15.169166666666667,4.640833333333333,9.905,5.243333333333333,82.91916666666667,194.56833333333333,5.905,191.40208333333334,4084441,8254655261
85,japan,kyoto,2021,44,4.315,9.07857142857143,-0.0657142857142857,4.506428571428572,2.8682142857142856,82.40178571428571,168.17892857142857,1.5160714285714285,41.25910714285714,2.2206451612903226,6.03,-0.795483870967742,2.617258064516129,3.849354838709677,84.65774193548387,38.82290322580645,0.6798387096774193,6.56774193548387,6.975,12.255,1.7033333333333334,6.979166666666667,5.2925,82.75666666666666,237.1975,3.0575,84.47125,4084441,8254655261
86,switzerland,binningen,2021,315,2.9835714285714285,8.1175,-1.0410714285714286,3.5382142857142855,1.4746428571428571,82.96,140.11607142857142,1.9746428571428571,24.537321428571428,-1.5416129032258064,1.49,-4.366129032258065,-1.4380645161290322,3.4893548387096773,93.18483870967742,40.33387096774194,0.08483870967741935,0.19193548387096776,3.8200000000000003,9.035833333333333,-0.61,4.212916666666667,1.0025,81.35583333333334,153.185,1.1654166666666668,66.4725,4084441,8254655261
87,switzerland,liestal,2021,350,2.9835714285714285,8.1175,-1.0410714285714286,3.5382142857142855,1.4746428571428571,82.96,140.11607142857142,1.9746428571428571,24.537321428571428,-1.5416129032258064,1.49,-4.366129032258065,-1.4380645161290322,3.4893548387096773,93.18483870967742,40.33387096774194,0.08483870967741935,0.19193548387096776,3.8200000000000003,9.035833333333333,-0.61,4.212916666666667,1.0025,81.35583333333334,153.185,1.1654166666666668,66.4725,4084441,8254655261
87,unitedstates,washingtondc,2021,0,0.4014285714285714,3.932142857142857,-2.922142857142857,0.505,4.088214285714286,85.19785714285715,100.61857142857143,0.22660714285714284,3.8055357142857145,0.8758064516129033,4.715806451612903,-2.0138709677419353,1.350967741935484,1.612258064516129,83.18354838709678,34.38451612903226,0.10048387096774195,2.4674193548387096,5.295833333333333,11.303333333333333,-0.18083333333333335,5.56125,0.5800000000000001,76.12083333333334,171.39166666666668,2.8033333333333332,17.7875,4084441,8254655261
90,canada,vancouver,2021,24,3.443214285714286,5.234642857142857,1.6232142857142857,3.4289285714285715,4.738571428571428,84.43607142857142,293.74857142857144,0.9039285714285714,65.49142857142857,5.297419354838709,6.837419354838709,3.8316129032258064,5.3345161290322585,6.910322580645161,88.81354838709677,147.16290322580645,1.6467741935483873,33.68048387096774,6.246666666666666,8.706666666666667,4.074166666666667,6.390416666666667,1.7191666666666667,80.98916666666666,359.9141666666667,2.390416666666667,92.175,4084441,8254655261
93,switzerland,albisgütli,2021,530,2.5425,7.403214285714285,-1.3875,3.0078571428571426,2.1989285714285716,82.54678571428572,248.80285714285714,1.6289285714285713,16.941071428571426,-2.1103225806451613,0.7003225806451613,-4.762903225806451,-2.031290322580645,6.426451612903226,92.4025806451613,74.32096774193549,0,0,4.015833333333333,8.723333333333333,-0.27666666666666667,4.223333333333334,1.9875,80.0175,268.7225,1.0891666666666666,52.99208333333333,4084441,8254655261
94,switzerland,witikon,2021,620,2.5425,7.403214285714285,-1.3875,3.0078571428571426,2.1989285714285716,82.54678571428572,248.80285714285714,1.6289285714285713,16.941071428571426,-2.1103225806451613,0.7003225806451613,-4.762903225806451,-2.031290322580645,6.426451612903226,92.4025806451613,74.32096774193549,0,0,4.015833333333333,8.723333333333333,-0.27666666666666667,4.223333333333334,1.9875,80.0175,268.7225,1.0891666666666666,52.99208333333333,4084441,8254655261
96,unitedstates,newyorkcity,2021,8.5,1.032142857142857,2.96,-1.2260714285714287,0.8669642857142857,4.5807142857142855,83.73107142857143,139.785,0.10607142857142857,7.239999999999999,1.8435483870967742,4.183225806451613,-0.3761290322580645,1.9035483870967742,2.256774193548387,81.20838709677419,46.60483870967742,0.2235483870967742,4.670806451612903,3.4358333333333335,6.27,0.48750000000000004,3.37875,0.9608333333333333,77.00666666666666,209.64083333333335,1.27375,12.475833333333332,4084441,8254655261
97,switzerland,laufenburg,2021,330,2.989642857142857,8.033214285714285,-0.8307142857142857,3.6012500000000003,1.7439285714285715,82.53428571428572,182.94464285714287,1.9682142857142857,23.93232142857143,-1.8196774193548386,1.1506451612903226,-4.637741935483871,-1.7435483870967743,4.6329032258064515,92.72290322580645,53.90903225806452,0.04241935483870969,0.10951612903225807,3.9191666666666665,8.950833333333334,-0.5108333333333334,4.22,1.345,80.55916666666667,197.41333333333333,1.1283333333333334,64.43083333333334,4084441,8254655261
98,switzerland,meteoschweiz,2021,555,2.5425,7.403214285714285,-1.3875,3.0078571428571426,2.1989285714285716,82.54678571428572,248.80285714285714,1.6289285714285713,16.941071428571426,-2.1103225806451613,0.7003225806451613,-4.762903225806451,-2.031290322580645,6.426451612903226,92.4025806451613,74.32096774193549,0,0,4.015833333333333,8.723333333333333,-0.27666666666666667,4.223333333333334,1.9875,80.0175,268.7225,1.0891666666666666,52.99208333333333,4084441,8254655261
80,unitedstates,washingtondc,2022,0,2.9939285714285715,8.804285714285713,-1.7089285714285716,3.5476785714285715,1.7875,76.83142857142857,109.57714285714286,1.4758928571428571,32.174464285714286,-0.960967741935484,3.196774193548387,-4.809677419354839,-0.8064516129032258,2.4880645161290325,77.41096774193548,53.24935483870968,0.482258064516129,14.742258064516129,6.648333333333333,12.313333333333333,0.9233333333333332,6.618333333333333,2.65,77.35916666666667,134.59916666666666,3.145833333333333,77.34625,4088484,8266914648
85,switzerland,liestal,2022,350,2.692142857142857,6.865714285714286,-0.9732142857142857,2.94625,2.392857142857143,86.3575,82.77642857142857,0.5144642857142857,19.369285714285716,-0.0945161290322581,3.765806451612903,-2.7974193548387096,0.4841935483870968,1.3696774193548387,91.00032258064516,28.221290322580643,0.45645161290322583,13.450000000000001,2.395,8.7375,-2.3466666666666667,3.1954166666666666,0.008333333333333333,74.09583333333333,109.47583333333333,0.8220833333333334,31.160833333333336,4088484,8266914648
86,canada,vancouver,2022,24,4.606071428571428,6.610714285714286,2.9032142857142857,4.756964285714286,2.835,85.02678571428571,213.95250000000001,1.5455357142857142,56.61232142857143,4.329354838709677,6.0532258064516125,2.8125806451612902,4.432903225806451,6.042580645161291,90.14935483870968,114.6083870967742,1.0956451612903226,16.77806451612903,6.1875,8.519166666666667,4.005833333333333,6.2625,2.3741666666666665,82.14416666666666,283.2125,2.2725,96.18708333333333,4088484,8266914648
86,switzerland,binningen,2022,315,2.692142857142857,6.865714285714286,-0.9732142857142857,2.94625,2.392857142857143,86.3575,82.77642857142857,0.5144642857142857,19.369285714285716,-0.0945161290322581,3.765806451612903,-2.7974193548387096,0.4841935483870968,1.3696774193548387,91.00032258064516,28.221290322580643,0.45645161290322583,13.450000000000001,2.395,8.7375,-2.3466666666666667,3.1954166666666666,0.008333333333333333,74.09583333333333,109.47583333333333,0.8220833333333334,31.160833333333336,4088484,8266914648
88,switzerland,laufenburg,2022,330,2.7139285714285712,6.759642857142857,-0.8275,2.9660714285714285,2.9460714285714285,85.42321428571428,98.48964285714285,0.5544642857142857,21.66125,0.09354838709677422,3.9206451612903224,-2.662903225806452,0.6288709677419354,1.518709677419355,89.3616129032258,30.683870967741935,0.5143548387096774,15.162258064516127,2.214166666666667,8.296666666666667,-2.0933333333333333,3.1016666666666666,0.0033333333333333335,73.6425,129.575,0.7600000000000001,33.99,4088484,8266914648
89,switzerland,albisgütli,2022,530,2.5621428571428573,6.3117857142857146,-0.8228571428571428,2.744464285714286,3.548928571428571,84.70071428571428,117.57107142857143,0.5155357142857142,22.623035714285713,0.023225806451612877,3.6067741935483872,-2.686774193548387,0.46,1.758709677419355,88.13129032258064,33.75064516129032,0.55,16.22258064516129,2.174166666666667,7.864166666666667,-1.8125,3.0258333333333334,0.0025,72.9225,153.89833333333334,0.6637500000000001,33.268750000000004,4088484,8266914648
91,japan,kyoto,2022,44,1.6889285714285713,5.7628571428571425,-1.5039285714285715,2.1294642857142856,2.1325,81.15714285714286,89.49964285714286,0.10874999999999993,2.6437499999999985,1.6851612903225808,5.445806451612903,-1.1729032258064516,2.1364516129032256,1.8935483870967742,84.08548387096774,31.639354838709675,0.06451612903225803,1.2979032258064511,5.38,11.025,0.5033333333333333,5.764166666666667,1.0316666666666667,80.39583333333333,129.80833333333334,2.05125,15.804583333333332,4088484,8266914648
100,switzerland,meteoschweiz,2022,555,2.5621428571428573,6.3117857142857146,-0.8228571428571428,2.744464285714286,3.548928571428571,84.70071428571428,117.57107142857143,0.5155357142857142,22.623035714285713,0.023225806451612877,3.6067741935483872,-2.686774193548387,0.46,1.758709677419355,88.13129032258064,33.75064516129032,0.55,16.22258064516129,2.174166666666667,7.864166666666667,-1.8125,3.0258333333333334,0.0025,72.9225,153.89833333333334,0.6637500000000001,33.268750000000004,4088484,8266914648
107,switzerland,witikon,2022,620,2.5621428571428573,6.3117857142857146,-0.8228571428571428,2.744464285714286,3.548928571428571,84.70071428571428,117.57107142857143,0.5155357142857142,22.623035714285713,0.023225806451612877,3.6067741935483872,-2.686774193548387,0.46,1.758709677419355,88.13129032258064,33.75064516129032,0.55,16.22258064516129,2.174166666666667,7.864166666666667,-1.8125,3.0258333333333334,0.0025,72.9225,153.89833333333334,0.6637500000000001,33.268750000000004,4088484,8266914648
82,unitedstates,washingtondc,2023,0,5.4775,10.615,0.6471428571428571,5.6310714285714285,1.9114285714285715,78.19107142857143,64.30678571428571,2.795,84.67910714285715,4.542903225806452,9.029354838709677,0.7503225806451613,4.889838709677419,1.2683870967741935,84.7483870967742,14.959999999999999,1.7370967741935484,40.07338709677419,5.829166666666667,11.205833333333333,0.9725,6.089166666666666,1.5758333333333332,78.26083333333334,105.91833333333334,2.2075,151.93166666666667,4092529,8279186167
84,japan,kyoto,2023,44,3.6189285714285715,7.900714285714286,-0.12892857142857142,3.8858928571428573,1.825357142857143,81.70642857142857,106.53999999999999,0.8623214285714286,31.951964285714283,2.76,6.788709677419355,-0.6106451612903226,3.089032258064516,2.6670967741935483,83.72774193548388,39.93451612903226,0.6635483870967741,12.417580645161289,8.474166666666667,14.228333333333333,3.355,8.791666666666666,0.6391666666666667,76.92916666666666,140.44666666666666,4.828333333333333,66.54458333333334,4092529,8279186167
88,switzerland,liestal,2023,350,2.465,7.086071428571429,-0.8400000000000001,3.1230357142857144,0.6964285714285715,84.42285714285714,66.10071428571429,1.1219642857142857,35.767857142857146,1.594516129032258,4.668064516129032,-0.8522580645161291,1.9079032258064517,1.8170967741935484,90.1241935483871,37.36483870967742,0.8166129032258065,22.25032258064516,2.7875,7.4325,-1.34,3.04625,2.2691666666666666,85.37333333333333,83.08916666666667,0.6483333333333332,58.92208333333333,4092529,8279186167
89,switzerland,binningen,2023,315,2.465,7.086071428571429,-0.8400000000000001,3.1230357142857144,0.6964285714285715,84.42285714285714,66.10071428571429,1.1219642857142857,35.767857142857146,1.594516129032258,4.668064516129032,-0.8522580645161291,1.9079032258064517,1.8170967741935484,90.1241935483871,37.36483870967742,0.8166129032258065,22.25032258064516,2.7875,7.4325,-1.34,3.04625,2.2691666666666666,85.37333333333333,83.08916666666667,0.6483333333333332,58.92208333333333,4092529,8279186167
92,unitedstates,newyorkcity,2023,8.5,4.011428571428572,6.827142857142857,0.9860714285714285,3.9066071428571427,1.5192857142857144,81.34285714285714,167.9832142857143,1.2992857142857142,66.42482142857142,4.999354838709677,7.420322580645161,2.784516129032258,5.10241935483871,5.033870967741936,85.1341935483871,67.0867741935484,1.5493548387096774,32.053225806451614,4.576666666666666,7.449166666666667,1.4625,4.4558333333333335,4.1925,81.12083333333334,228.45250000000001,0.69625,90.37,4092529,8279186167
96,switzerland,laufenburg,2023,330,2.5589285714285714,7.0285714285714285,-0.6796428571428571,3.1744642857142855,0.9782142857142857,83.57035714285715,69.03892857142857,1.1517857142857142,37.05714285714286,1.6190322580645162,4.848709677419355,-0.9006451612903226,1.974032258064516,1.7841935483870968,88.93064516129033,36.58,0.8504838709677419,23.24225806451613,2.9908333333333332,7.84,-1.2066666666666668,3.316666666666667,2.705,84.84583333333333,91.005,0.6595833333333334,60.98208333333333,4092529,8279186167
96,canada,vancouver,2023,24,4.244285714285715,5.8221428571428575,2.7489285714285714,4.2855357142857144,4.2,84.53928571428571,184.7392857142857,1.2955357142857142,75.28928571428571,5.160645161290323,6.688709677419355,3.6761290322580646,5.18241935483871,4.0441935483870965,87.83129032258064,73.2558064516129,1.6353225806451612,30.928548387096775,4.7875,6.7316666666666665,3.1775,4.954583333333334,2.9358333333333335,84.39083333333333,263.0058333333333,1.0708333333333333,91.70666666666666,4092529,8279186167
99,switzerland,albisgütli,2023,530,2.484642857142857,6.6067857142857145,-0.72,2.9433928571428574,1.497142857142857,82.96285714285715,77.385,1.103392857142857,33.88910714285714,1.4448387096774193,4.500645161290323,-1.1038709677419356,1.6983870967741936,1.7906451612903225,89.44064516129032,36.38548387096774,0.7588709677419355,21.056451612903224,2.92,7.534166666666667,-1.0083333333333333,3.262916666666667,3.0808333333333335,86.41916666666667,107.13,0.6520833333333333,56.858333333333334,4092529,8279186167
100,switzerland,meteoschweiz,2023,555,2.484642857142857,6.6067857142857145,-0.72,2.9433928571428574,1.497142857142857,82.96285714285715,77.385,1.103392857142857,33.88910714285714,1.4448387096774193,4.500645161290323,-1.1038709677419356,1.6983870967741936,1.7906451612903225,89.44064516129032,36.38548387096774,0.7588709677419355,21.056451612903224,2.92,7.534166666666667,-1.0083333333333333,3.262916666666667,3.0808333333333335,86.41916666666667,107.13,0.6520833333333333,56.858333333333334,4092529,8279186167
77,unitedstates,washingtondc,2024,0,4.098965517241379,8.927241379310345,-0.41379310344827586,4.256724137931035,1.5810344827586207,82.62103448275862,173.4189655172414,1.3741379310344828,43.883448275862065,1.6216129032258064,5.989677419354839,-2.4525806451612904,1.7685483870967742,4.914516129032258,86.17967741935485,87.03903225806451,0.8529032258064516,7.884032258064516,8.059090909090909,12.643636363636364,4.192727272727272,8.418181818181818,6.096363636363637,84.97272727272727,237.59454545454545,4.46,95.09772727272727,4096576,8291469824
80,switzerland,liestal,2024,350,5.333793103448276,9.410344827586208,2.152758620689655,5.781551724137931,2.1382758620689657,88.73413793103448,119.15724137931035,1.8770689655172412,45.00189655172414,0.8990322580645161,4.537419354838709,-1.9687096774193549,1.2843548387096775,2.8851612903225807,89.56193548387097,51.81709677419355,0.5961290322580646,6.85983870967742,5.048181818181818,9.58909090909091,1.4772727272727273,5.533181818181818,2.6863636363636365,86.99,167.19454545454545,1.5331818181818182,83.16318181818181,4096576,8291469824
83,canada,vancouver,2024,24,5.7748275862068965,7.820344827586207,3.987241379310345,5.903793103448276,4.052758620689655,84.50689655172414,285.401724137931,2.0360344827586205,98.515,4.182903225806451,5.832580645161291,2.675806451612903,4.2541935483870965,7.905483870967742,88.18096774193549,105.69483870967743,2.0911290322580647,22.505806451612905,4.389090909090909,5.91,2.8536363636363635,4.381818181818182,5.010909090909091,83.49545454545455,391.4736363636364,0.9731818181818181,126.21636363636364,4096576,8291469824
88,unitedstates,newyorkcity,2024,8.5,3.033793103448276,5.215862068965517,0.799655172413793,3.007758620689655,2.426206896551724,81.14862068965517,229.68172413793104,0.5708620689655172,27.294655172413794,2.5506451612903227,4.74258064516129,0.27129032258064517,2.5069354838709677,6.524193548387097,82.90290322580645,113.98096774193549,0.6666129032258065,12.166451612903225,6.424545454545455,8.735454545454546,4.095454545454546,6.415454545454546,15.290000000000001,86.82454545454546,375.75636363636363,2.583636363636364,54.27818181818182,4096576,8291469824
95,japan,kyoto,2024,44,4.811379310344828,9.242068965517241,1.1137931034482758,5.177931034482759,4.142068965517241,84.02896551724137,133.09448275862067,1.5801724137931035,45.871896551724134,3.4725806451612904,7.598387096774194,-0.00612903225806454,3.7961290322580643,2.709032258064516,84.6383870967742,37.442903225806454,0.852741935483871,13.479354838709678,3.4481818181818182,7.797272727272727,0.0627272727272727,3.9299999999999997,3.127272727272727,78.45454545454545,226.1609090909091,0.7272727272727272,76.90090909090908,4096576,8291469824
NA,canada,vancouver,2025,24,3.278928571428571,4.986428571428571,1.852142857142857,3.419285714285714,6.5276,82.19071428571428,108.0364,1.5503571428571428,18.798571428571428,3.487096774193548,5.053870967741935,1.9809677419354839,3.51741935483871,1.9,85.2058064516129,28.383548387096774,0.33854838709677415,7.703387096774193,6.444166666666667,8.408333333333333,4.975,6.691666666666666,2.9770656461307285,91.09916666666666,190.08101630979215,2.7249999999999996,75.93833333333333,4100625,8303765625
NA,japan,fukuoka,2025,2.5,3.232857142857143,6.836785714285714,0.10964285714285713,3.4732142857142856,2.0056000000000003,71.34428571428572,69.4708,0.9153571428571429,45.56142857142857,3.7851612903225806,8.235806451612904,0.3480645161290323,4.291935483870968,0.8690322580645161,77.28225806451613,16.248709677419356,1.2056451612903225,16.974516129032256,9.888333333333334,12.883333333333333,7.025,9.954166666666667,2.9770656461307285,73.75416666666666,190.08101630979215,5.954166666666667,104.705,4100625,8303765625
NA,japan,kyoto,2025,44,1.6910714285714286,5.253214285714286,-1.4075,1.9228571428571428,2.0384,80.08357142857143,81.1192,0.5873214285714284,15.286071428571427,2.448709677419355,6.38741935483871,-0.5787096774193549,2.9043548387096774,1.7238709677419355,83.56258064516129,34.3341935483871,0.3041935483870968,3.413548387096774,8,12,4.5,8.25,2.9770656461307285,72.70833333333333,190.08101630979215,4.25,54.56249999999999,4100625,8303765625
NA,switzerland,albisgütli,2025,530,2.0132142857142856,4.935714285714286,-0.34035714285714286,2.2976785714285715,1.2712,86.41678571428571,144.9532,0.5717857142857142,8.775,0.5890322580645162,4.0761290322580646,-2.153225806451613,0.9614516129032258,4.129354838709677,86.86774193548388,71.1416129032258,0.13951612903225807,0.9053225806451612,6.305833333333333,12.133333333333333,2.0083333333333333,7.070833333333334,2.9770656461307285,84.03416666666666,190.08101630979215,3.3041666666666667,31.718333333333334,4100625,8303765625
NA,switzerland,binningen,2025,315,2.2560714285714285,5.518571428571429,-0.2792857142857143,2.619642857142857,1.498,89.89750000000001,126.632,0.7014285714285714,14.17125,0.8425806451612903,4.644838709677419,-2.029677419354839,1.3075806451612904,3.516774193548387,89.95322580645161,59.67032258064516,0.3087096774193549,3.9453225806451617,6.760833333333333,13.125,2.1333333333333333,7.629166666666667,2.9770656461307285,87.14083333333333,190.08101630979215,3.7125000000000004,43.91833333333334,4100625,8303765625
NA,switzerland,laufenburg,2025,330,2.0203571428571427,5.064285714285714,-0.445,2.309642857142857,1.3308,89.00964285714285,139.2636,0.5726785714285714,10.7,0.7038709677419355,4.359354838709677,-2.1790322580645163,1.0901612903225806,3.936774193548387,88.50387096774193,66.97,0.2156451612903226,2.5022580645161288,6.515,13.1,1.6500000000000001,7.375,2.9770656461307285,86.1125,190.08101630979215,3.4499999999999997,35.37,4100625,8303765625
NA,switzerland,liestal,2025,350,2.1382142857142856,5.44,-0.4828571428571429,2.4785714285714286,1.498,90.3075,126.632,0.6103571428571428,13.940892857142858,0.8425806451612903,4.644838709677419,-2.029677419354839,1.3075806451612904,3.516774193548387,89.95322580645161,59.67032258064516,0.3087096774193549,3.9453225806451617,6.613333333333333,12.8,1.7416666666666667,7.270833333333333,2.9770656461307285,84.92583333333333,190.08101630979215,3.4541666666666666,40.0225,4100625,8303765625
NA,switzerland,meteoschweiz,2025,555,1.9321428571428572,4.853571428571429,-0.42964285714285716,2.2119642857142856,1.2712,86.84142857142857,144.9532,0.5557142857142857,8.726785714285715,0.5890322580645162,4.0761290322580646,-2.153225806451613,0.9614516129032258,4.129354838709677,86.86774193548388,71.1416129032258,0.13951612903225807,0.9053225806451612,5.78,11.65,1.4749999999999999,6.5625,2.9770656461307285,84.76,190.08101630979215,2.95,29.55166666666667,4100625,8303765625
NA,switzerland,witikon,2025,620,1.9224999999999999,4.8,-0.3725,2.21375,1.2712,86.9725,144.9532,0.5557142857142857,8.726785714285715,0.5890322580645162,4.0761290322580646,-2.153225806451613,0.9614516129032258,4.129354838709677,86.86774193548388,71.1416129032258,0.13951612903225807,0.9053225806451612,5.665,11.416666666666666,1.4333333333333333,6.425,2.9770656461307285,85.4175,190.08101630979215,2.8291666666666666,29.16,4100625,8303765625
NA,unitedstates,newyorkcity,2025,8.5,1.6342857142857143,4.066428571428571,-0.9614285714285714,1.5525,3.1,75.72821428571429,65.294,0.6291071428571429,6.885892857142858,0.2380645161290323,2.3541935483870966,-1.9909677419354839,0.18161290322580648,0.7196774193548388,76.1458064516129,7.178387096774194,0.16080645161290325,3.126612903225807,3.3433333333333333,6.966666666666667,-0.8916666666666667,3.0375,2.9770656461307285,60.704166666666666,190.08101630979215,1.3833333333333333,30.445833333333333,4100625,8303765625
NA,unitedstates,washingtondc,2025,0,1.9396428571428572,5.865714285714286,-1.6667857142857143,2.099464285714286,3.37,74.4725,95.3044,1.0703571428571428,9.057857142857141,-1.9464516129032257,2.3019354838709676,-5.8100000000000005,-1.7540322580645162,1.3593548387096774,77.49967741935484,21.47967741935484,0.1646774193548387,1.3279032258064514,6.705,11.983333333333334,1.6916666666666667,6.8375,2.9770656461307285,56.74333333333333,190.08101630979215,3.5333333333333337,53.03333333333333,4100625,8303765625
